UPIconuc ,timeUPIconuc ,DOIconuc ,timeDOIconuc ,UCIconuc ,UPTabarnuc ,timeUPTabarnuc ,DOTabarnuc ,timeDOTabarnuc ,UCTabarnuc ,UPNucPlusUltra ,timeUPNucPlusUltra ,DONucPlusUltra ,timeDONucPlusUltra ,UCNucPlusUltra ,UPGazby ,timeUPGazby ,DOGazby ,timeDOGazby ,UCGazby ,UPPégaz ,timeUPPégaz ,DOPégaz ,timeDOPégaz ,UCPégaz ,UPSamagaz ,timeUPSamagaz ,DOSamagaz ,timeDOSamagaz ,UCSamagaz ,UPOmaïgaz ,timeUPOmaïgaz ,DOOmaïgaz ,timeDOOmaïgaz ,UCOmaïgaz ,UPGastafiore ,timeUPGastafiore ,DOGastafiore ,timeDOGastafiore ,UCGastafiore ,UPIgaznodon ,timeUPIgaznodon ,DOIgaznodon ,timeDOIgaznodon ,UCIgaznodon ,UPCoron ,DOCoron ,UCCoron ,UPMockingjay ,DOMockingjay ,UCMockingjay ,UPLantier ,DOLantier ,UCLantier ,UPTacotac ,DOTacotac ,UCTacotac ,UPTicEtTac ,DOTicEtTac ,UCTicEtTac ,
0.0 , 0.0 , 0.0 , 0.0 , 1.0 , 0.0 , 0.0 , 0.0 , 0.0 , 1.0 , 0.0 , 0.0 , 0.0 , 0.0 , 1.0 , 0.0 , 0.0 , 0.0 , 0.0 , -0.0 , 0.0 , 0.0 , 0.0 , 0.0 , -0.0 , 0.0 , 0.0 , 0.0 , 0.0 , 1.0 , 0.0 , 0.0 , 0.0 , 0.0 , -0.0 , 0.0 , 0.0 , 0.0 , 0.0 , -3.750609551056346e-15 , 0.0 , 0.0 , 0.0 , 0.0 , 0.0 , 0.0 , 0.0 , 0.0 , 0.0 , 0.0 , 0.0 , 0.0 , 0.0 , 1.0 , 0.0 , 0.0 , 1.0 , 0.0 , 0.0 , 1.0 ,  
0.0 , 0.0 , 0.0 , 0.0 , 1.0 , 0.0 , 0.0 , 0.0 , 0.0 , 1.0 , 0.0 , 0.0 , 0.0 , 0.0 , 1.0 , 0.0 , 0.0 , 0.0 , 0.0 , 0.0 , 0.0 , 0.0 , 0.0 , 0.0 , 0.0 , 0.0 , 0.0 , 2.220446049250313e-16 , 0.0 , 0.9999999999999998 , 0.0 , 0.0 , 0.0 , 0.0 , 0.0 , 0.0 , 0.0 , -3.750609551056346e-15 , 0.0 , 0.0 , 0.0 , 0.0 , 0.0 , 0.0 , 0.0 , 0.0 , 0.0 , 0.0 , 0.0 , 0.0 , 0.0 , 0.0 , 0.0 , 1.0 , 0.0 , 0.0 , 1.0 , 0.0 , 0.0 , 1.0 ,  
0.0 , 0.0 , 0.0 , 0.0 , 1.0 , 0.0 , 0.0 , 0.0 , 0.0 , 1.0 , 0.0 , 0.0 , 0.0 , 0.0 , 1.0 , 0.0 , 0.0 , 0.0 , 0.0 , 0.0 , 0.0 , 0.0 , 0.0 , 0.0 , 0.0 , 0.0 , 0.0 , 0.0 , 0.0 , 0.9999999999999998 , 0.0 , 0.0 , 0.0 , 0.0 , 0.0 , 0.0 , 0.0 , 0.0 , 0.0 , 0.0 , 0.0 , 0.0 , 0.0 , 0.0 , 0.0 , 0.0 , 0.0 , 0.0 , 0.0 , 0.0 , 0.0 , 0.0 , 0.0 , 1.0 , 0.0 , 0.0 , 1.0 , 0.0 , 0.0 , 1.0 ,  
0.0 , 0.0 , 0.0 , 0.0 , 1.0 , 0.0 , 0.0 , 0.0 , 0.0 , 1.0 , 0.0 , 0.0 , 0.0 , 0.0 , 1.0 , 0.0 , 0.0 , -0.0 , 0.0 , 0.0 , 0.0 , 0.0 , -0.0 , 0.0 , 0.0 , 0.0 , 0.0 , 0.9999999999999998 , 0.0 , 0.0 , 0.0 , 0.0 , -0.0 , 0.0 , 0.0 , 0.0 , 0.0 , 0.0 , 0.0 , 0.0 , 0.0 , 0.0 , 0.0 , 0.0 , 0.0 , 0.0 , 0.0 , 0.0 , 0.0 , 0.0 , 0.0 , 0.0 , 0.0 , 1.0 , 0.0 , 0.0 , 1.0 , 0.0 , 0.0 , 1.0 ,  
0.0 , 0.0 , 0.0 , 0.0 , 1.0 , 0.0 , 0.0 , 0.0 , 0.0 , 1.0 , 0.0 , 0.0 , 0.0 , 0.0 , 1.0 , 0.0 , 0.0 , 0.0 , 0.0 , 0.0 , 0.0 , 0.0 , 0.0 , 0.0 , 0.0 , 0.0 , 0.0 , 0.0 , 0.0 , 0.0 , 0.0 , 0.0 , 0.0 , 0.0 , 0.0 , 0.0 , 0.0 , 0.0 , 0.0 , 0.0 , 0.0 , 0.0 , 0.0 , 0.0 , 0.0 , 0.0 , 0.0 , 0.0 , 0.0 , 0.0 , 0.0 , 0.0 , 0.0 , 1.0 , 0.0 , 0.0 , 1.0 , 0.0 , 0.0 , 1.0 ,  
0.0 , 0.0 , 0.0 , 0.0 , 1.0 , 0.0 , 0.0 , 0.0 , 0.0 , 1.0 , 0.0 , 0.0 , 0.0 , 0.0 , 1.0 , 0.0 , 0.0 , 0.0 , 0.0 , 0.0 , 0.0 , 0.0 , 0.0 , 0.0 , 0.0 , 0.0 , 0.0 , 0.0 , 0.0 , 0.0 , 0.0 , 0.0 , 0.0 , 0.0 , 0.0 , 0.0 , 0.0 , 0.0 , 0.0 , 0.0 , 0.0 , 0.0 , 0.0 , 0.0 , 0.0 , 0.0 , -0.0 , 0.0 , 0.0 , 0.0 , 0.0 , 0.0 , 0.0 , 1.0 , 0.0 , 0.0 , 1.0 , 0.0 , 0.0 , 1.0 ,  
0.0 , 0.0 , 0.0 , 0.0 , 1.0 , 0.0 , 0.0 , 0.0 , 0.0 , 1.0 , 0.0 , 0.0 , 0.0 , 0.0 , 1.0 , 0.0 , 0.0 , 0.0 , 0.0 , 0.0 , 0.0 , 0.0 , 0.0 , 0.0 , 0.0 , 0.0 , 0.0 , 0.0 , 0.0 , 0.0 , 0.0 , 0.0 , 0.0 , 0.0 , 0.0 , 0.0 , 0.0 , 0.0 , 0.0 , 0.0 , 0.0 , 0.0 , 0.0 , 0.0 , 0.0 , 0.0 , 0.0 , 0.0 , 0.0 , 0.0 , 0.0 , 0.0 , 0.0 , 1.0 , 0.0 , 0.0 , 1.0 , 0.0 , 0.0 , 1.0 ,  
0.0 , 0.0 , 0.0 , 0.0 , 1.0 , 0.0 , 0.0 , 0.0 , 0.0 , 1.0 , 0.0 , 0.0 , 0.0 , 0.0 , 1.0 , 0.0 , 0.0 , 0.0 , 0.0 , 0.0 , 0.0 , 0.0 , 0.0 , 0.0 , 0.0 , 0.0 , 0.0 , 0.0 , 0.0 , 0.0 , 0.0 , 0.0 , 0.0 , 0.0 , 0.0 , 0.0 , 0.0 , 0.0 , 0.0 , 0.0 , 0.0 , 0.0 , 0.0 , 0.0 , 0.0 , 0.0 , 0.0 , 0.0 , 0.0 , 0.0 , 0.0 , 0.0 , 0.0 , 1.0 , 0.0 , 0.0 , 1.0 , 0.0 , 0.0 , 1.0 ,  
0.0 , 0.0 , 0.0 , 0.0 , 1.0 , 0.0 , 0.0 , 0.0 , 0.0 , 1.0 , 0.0 , 0.0 , 0.0 , 0.0 , 1.0 , 0.0 , 0.0 , 0.0 , 0.0 , 0.0 , 0.0 , 0.0 , 0.0 , 0.0 , 0.0 , 0.0 , 0.0 , 0.0 , 0.0 , 0.0 , 0.0 , 0.0 , 0.0 , 0.0 , 0.0 , 0.0 , 0.0 , 0.0 , 0.0 , 0.0 , 0.0 , 0.0 , 0.0 , 0.0 , 0.0 , 0.0 , -0.0 , 0.0 , 0.0 , 0.0 , 0.0 , 0.0 , 0.0 , 1.0 , 0.0 , 0.0 , 1.0 , 0.0 , 0.0 , 1.0 ,  
0.0 , 0.0 , 0.0 , 0.0 , 1.0 , 0.0 , 0.0 , 0.0 , 0.0 , 1.0 , 0.0 , 0.0 , 0.0 , 0.0 , 1.0 , 0.0 , 0.0 , 0.0 , 0.0 , 0.0 , 0.0 , 0.0 , 0.0 , 0.0 , 0.0 , 0.0 , 0.0 , 0.0 , 0.0 , 0.0 , 0.0 , 0.0 , 0.0 , 0.0 , 0.0 , 0.0 , 0.0 , 0.0 , 0.0 , 0.0 , 0.0 , 0.0 , 0.0 , 0.0 , 0.0 , 0.0 , 0.0 , 0.0 , 0.0 , 0.0 , 0.0 , 0.0 , 0.0 , 1.0 , 0.0 , 0.0 , 1.0 , 0.0 , 0.0 , 1.0 ,  
0.0 , 0.0 , 0.0 , 0.0 , 1.0 , 0.0 , 0.0 , 0.0 , 0.0 , 1.0 , 0.0 , 0.0 , 0.0 , 0.0 , 1.0 , 0.0 , 0.0 , 0.0 , 0.0 , 0.0 , 0.0 , 0.0 , 0.0 , 0.0 , 0.0 , 0.0 , 0.0 , 0.0 , 0.0 , 0.0 , 0.0 , 0.0 , 0.0 , 0.0 , 0.0 , 0.0 , 0.0 , 0.0 , 0.0 , 0.0 , 0.0 , 0.0 , 0.0 , 0.0 , 0.0 , 0.0 , 0.0 , 0.0 , 0.0 , 0.0 , 0.0 , 0.0 , 0.0 , 1.0 , 0.0 , 0.0 , 1.0 , 0.0 , 0.0 , 1.0 ,  
0.0 , 0.0 , 0.0 , 0.0 , 1.0 , 0.0 , 0.0 , 0.0 , 0.0 , 1.0 , 0.0 , 0.0 , 0.0 , 0.0 , 1.0 , 0.0 , 0.0 , 0.0 , 0.0 , 0.0 , 0.0 , 0.0 , 0.0 , 0.0 , 0.0 , 0.0 , 0.0 , 0.0 , 0.0 , 0.0 , 0.0 , 0.0 , 0.0 , 0.0 , 0.0 , 0.0 , 0.0 , 0.0 , 0.0 , 0.0 , 0.0 , 0.0 , 0.0 , 0.0 , 0.0 , 0.0 , 0.0 , 0.0 , 0.0 , 0.0 , 0.0 , 0.0 , 0.0 , 1.0 , 0.0 , 0.0 , 1.0 , 0.0 , 0.0 , 1.0 ,  
0.0 , 0.0 , 0.0 , 0.0 , 1.0 , 0.0 , 0.0 , 0.0 , 0.0 , 1.0 , 0.0 , 0.0 , 0.0 , 0.0 , 1.0 , 0.0 , 0.0 , 0.0 , 0.0 , 0.0 , 0.0 , 0.0 , 0.0 , 0.0 , 0.0 , 0.0 , 0.0 , 0.0 , 0.0 , 0.0 , 0.0 , 0.0 , 0.0 , 0.0 , 0.0 , 0.0 , 0.0 , 0.0 , 0.0 , 0.0 , 0.0 , 0.0 , 0.0 , 0.0 , 0.0 , 0.0 , 0.0 , 0.0 , 0.0 , 0.0 , 0.0 , 0.0 , 0.0 , 1.0 , 0.0 , 0.0 , 1.0 , 0.0 , 0.0 , 1.0 ,  
0.0 , 0.0 , 0.0 , 0.0 , 1.0 , 0.0 , 0.0 , 0.0 , 0.0 , 1.0 , 0.0 , 0.0 , 0.0 , 0.0 , 1.0 , 0.0 , 0.0 , 0.0 , 0.0 , 0.0 , 0.0 , 0.0 , 0.0 , 0.0 , 0.0 , 0.0 , 0.0 , 0.0 , 0.0 , 0.0 , 0.0 , 0.0 , 0.0 , 0.0 , 0.0 , 0.0 , 0.0 , 0.0 , 0.0 , 0.0 , 0.0 , 0.0 , 0.0 , 0.0 , 0.0 , 0.0 , 0.0 , 0.0 , 0.0 , 0.0 , 0.0 , 0.0 , 0.0 , 1.0 , 0.0 , 0.0 , 1.0 , 0.0 , 0.0 , 1.0 ,  
0.0 , 0.0 , 0.0 , 0.0 , 1.0 , 0.0 , 0.0 , 0.0 , 0.0 , 1.0 , 0.0 , 0.0 , 0.0 , 0.0 , 1.0 , 0.0 , 0.0 , 0.0 , 0.0 , 0.0 , 0.0 , 0.0 , 0.0 , 0.0 , 0.0 , 0.0 , 0.0 , 0.0 , 0.0 , 0.0 , 0.0 , 0.0 , 0.0 , 0.0 , 0.0 , 0.0 , 0.0 , 0.0 , 0.0 , 0.0 , 0.0 , 0.0 , 0.0 , 0.0 , 0.0 , 0.0 , 0.0 , 0.0 , 0.0 , 0.0 , 0.0 , 0.0 , 0.0 , 1.0 , 0.0 , 0.0 , 1.0 , 0.0 , 0.0 , 1.0 ,  
0.0 , 0.0 , 0.0 , 0.0 , 1.0 , 0.0 , 0.0 , 0.0 , 0.0 , 1.0 , 0.0 , 0.0 , 0.0 , 0.0 , 1.0 , 0.0 , 0.0 , 0.0 , 0.0 , 0.0 , 0.0 , 0.0 , 0.0 , 0.0 , 0.0 , 0.0 , 0.0 , 0.0 , 0.0 , 0.0 , 0.0 , 0.0 , 0.0 , 0.0 , 0.0 , 0.0 , 0.0 , 0.0 , 0.0 , 0.0 , 0.0 , 0.0 , 0.0 , 0.0 , 0.0 , 0.0 , 0.0 , 0.0 , 0.0 , 0.0 , 0.0 , 0.0 , 0.0 , 1.0 , 0.0 , 0.0 , 1.0 , 0.0 , 0.0 , 1.0 ,  
0.0 , 0.0 , 0.0 , 0.0 , 1.0 , 0.0 , 0.0 , 0.0 , 0.0 , 1.0 , 0.0 , 0.0 , 0.0 , 0.0 , 1.0 , 0.0 , 0.0 , 0.0 , 0.0 , 0.0 , 0.0 , 0.0 , 0.0 , 0.0 , 0.0 , 0.0 , 0.0 , 0.0 , 0.0 , 0.0 , 0.0 , 0.0 , 0.0 , 0.0 , 0.0 , 0.0 , 0.0 , 0.0 , 0.0 , 0.0 , 0.0 , 0.0 , 0.0 , 0.0 , 0.0 , 0.0 , 0.0 , 0.0 , 0.0 , 0.0 , 0.0 , 0.0 , 0.0 , 1.0 , 0.0 , 0.0 , 1.0 , 0.0 , 0.0 , 1.0 ,  
0.0 , 0.0 , 0.0 , 0.0 , 1.0 , 0.0 , 0.0 , 0.0 , 0.0 , 1.0 , 0.0 , 0.0 , 0.0 , 0.0 , 1.0 , 0.0 , 0.0 , 0.0 , 0.0 , 0.0 , 0.0 , 0.0 , 0.0 , 0.0 , 0.0 , 0.0 , 0.0 , 0.0 , 0.0 , 0.0 , 0.0 , 0.0 , 0.0 , 0.0 , 0.0 , 0.0 , 0.0 , 0.0 , 0.0 , 0.0 , 0.0 , 0.0 , 0.0 , 0.0 , 0.0 , 0.0 , 0.0 , 0.0 , 0.0 , 0.0 , 0.0 , 0.0 , 0.0 , 1.0 , 0.0 , 0.0 , 1.0 , 0.0 , 0.0 , 1.0 ,  
0.0 , 0.0 , 0.0 , 0.0 , 1.0 , 0.0 , 0.0 , 0.0 , 0.0 , 1.0 , 0.0 , 0.0 , 0.0 , 0.0 , 1.0 , 0.0 , 0.0 , 0.0 , 0.0 , 0.0 , 0.0 , 0.0 , 0.0 , 0.0 , 0.0 , 0.0 , 0.0 , 0.0 , 0.0 , 0.0 , 0.0 , 0.0 , 0.0 , 0.0 , 0.0 , 0.0 , 0.0 , 0.0 , 0.0 , 0.0 , 0.0 , 0.0 , 0.0 , 0.0 , 0.0 , 0.0 , 0.0 , 0.0 , 0.0 , 0.0 , 0.0 , 0.0 , 0.0 , 1.0 , 0.0 , 0.0 , 1.0 , 0.0 , 0.0 , 1.0 ,  
0.0 , 0.0 , 0.0 , 0.0 , 1.0 , 0.0 , 0.0 , 0.0 , 0.0 , 1.0 , 0.0 , 0.0 , 0.0 , 0.0 , 1.0 , 0.0 , 0.0 , 0.0 , 0.0 , 0.0 , 0.0 , 0.0 , 0.0 , 0.0 , 0.0 , 0.0 , 0.0 , 0.0 , 0.0 , 0.0 , 0.0 , 0.0 , 0.0 , 0.0 , 0.0 , 0.0 , 0.0 , 0.0 , 0.0 , 0.0 , 0.0 , 0.0 , 0.0 , 0.0 , 0.0 , 0.0 , 0.0 , 0.0 , 0.0 , 0.0 , 0.0 , 0.0 , 0.0 , 1.0 , 0.0 , 0.0 , 1.0 , 0.0 , 0.0 , 1.0 ,  
0.0 , 0.0 , 0.0 , 0.0 , 1.0 , 0.0 , 0.0 , 0.0 , 0.0 , 1.0 , 0.0 , 0.0 , 0.0 , 0.0 , 1.0 , 0.0 , 0.0 , 0.0 , 0.0 , 0.0 , 0.0 , 0.0 , 0.0 , 0.0 , 0.0 , 0.0 , 0.0 , 0.0 , 0.0 , 0.0 , 0.0 , 0.0 , 0.0 , 0.0 , 0.0 , 0.0 , 0.0 , 0.0 , 0.0 , 0.0 , 0.0 , 0.0 , 0.0 , 0.0 , 0.0 , 0.0 , 0.0 , 0.0 , 0.0 , 0.0 , 0.0 , 0.0 , 0.0 , 1.0 , 0.0 , 0.0 , 1.0 , 0.0 , 0.0 , 1.0 ,  
0.0 , 0.0 , 0.0 , 0.0 , 1.0 , 0.0 , 0.0 , 0.0 , 0.0 , 1.0 , 0.0 , 0.0 , 0.0 , 0.0 , 1.0 , 0.0 , 0.0 , 0.0 , 0.0 , 0.0 , 0.0 , 0.0 , 0.0 , 0.0 , 0.0 , 0.0 , 0.0 , 0.0 , 0.0 , 0.0 , 0.0 , 0.0 , 0.0 , 0.0 , 0.0 , 0.0 , 0.0 , 0.0 , 0.0 , 0.0 , 0.0 , 0.0 , 0.0 , 0.0 , 0.0 , 0.0 , 0.0 , 0.0 , 0.0 , 0.0 , 0.0 , 0.0 , 0.0 , 1.0 , 0.0 , 0.0 , 1.0 , 0.0 , 0.0 , 1.0 ,  
0.0 , 0.0 , 0.0 , 0.0 , 1.0 , 0.0 , 0.0 , 0.0 , 0.0 , 1.0 , 0.0 , 0.0 , 0.0 , 0.0 , 1.0 , 0.0 , 0.0 , 0.0 , 0.0 , 0.0 , 0.0 , 0.0 , 0.0 , 0.0 , 0.0 , 0.0 , 0.0 , 0.0 , 0.0 , 0.0 , 0.0 , 0.0 , 0.0 , 0.0 , 0.0 , 0.0 , 0.0 , 0.0 , 0.0 , 0.0 , 0.0 , 0.0 , 0.0 , 0.0 , 0.0 , 0.0 , 0.0 , 0.0 , 0.0 , 0.0 , 0.0 , 0.0 , 0.0 , 1.0 , 0.0 , 0.0 , 1.0 , 0.0 , 0.0 , 1.0 ,  
0.0 , 0.0 , 0.0 , 0.0 , 1.0 , 0.0 , 0.0 , 0.0 , 0.0 , 1.0 , 0.0 , 0.0 , 0.0 , 0.0 , 1.0 , 0.0 , 0.0 , 0.0 , 0.0 , 0.0 , 0.0 , 0.0 , 0.0 , 0.0 , 0.0 , 0.0 , 0.0 , 0.0 , 0.0 , 0.0 , 0.0 , 0.0 , 0.0 , 0.0 , 0.0 , 0.0 , 0.0 , 0.0 , 0.0 , 0.0 , 0.0 , 0.0 , 0.0 , 0.0 , 0.0 , 0.0 , 0.0 , 0.0 , 0.0 , 0.0 , 0.0 , 0.0 , 0.0 , 1.0 , 0.0 , 0.0 , 1.0 , 0.0 , 0.0 , 1.0 ,  
0.0 , 0.0 , 0.0 , 0.0 , 1.0 , 0.0 , 0.0 , 0.0 , 0.0 , 1.0 , 0.0 , 0.0 , 0.0 , 0.0 , 1.0 , 0.0 , 0.0 , 0.0 , 0.0 , 0.0 , 0.0 , 0.0 , 0.0 , 0.0 , 0.0 , 0.0 , 0.0 , 0.0 , 0.0 , 0.0 , 0.0 , 0.0 , 0.0 , 0.0 , 0.0 , 0.0 , 0.0 , 0.0 , 0.0 , 0.0 , 0.0 , 0.0 , 0.0 , 0.0 , 0.0 , 0.0 , 0.0 , 0.0 , 0.0 , 0.0 , 0.0 , 0.0 , 0.0 , 1.0 , 0.0 , 0.0 , 1.0 , 0.0 , 0.0 , 1.0 ,  
0.0 , 0.0 , 0.0 , 0.0 , 1.0 , 0.0 , 0.0 , 0.0 , 0.0 , 1.0 , 0.0 , 0.0 , 0.0 , 0.0 , 1.0 , 0.0 , 0.0 , 0.0 , 0.0 , 0.0 , 0.0 , 0.0 , 0.0 , 0.0 , 0.0 , 0.0 , 0.0 , 0.0 , 0.0 , 0.0 , 0.0 , 0.0 , 0.0 , 0.0 , 0.0 , 0.0 , 0.0 , 0.0 , 0.0 , 0.0 , 0.0 , 0.0 , 0.0 , 0.0 , 0.0 , 0.0 , 0.0 , 0.0 , 0.0 , 0.0 , 0.0 , 0.0 , 0.0 , 1.0 , 0.0 , 0.0 , 1.0 , 0.0 , 0.0 , 1.0 ,  
0.0 , 0.0 , 0.0 , 0.0 , 1.0 , 0.0 , 0.0 , 0.0 , 0.0 , 1.0 , 0.0 , 0.0 , 0.0 , 0.0 , 1.0 , 0.0 , 0.0 , 0.0 , 0.0 , 0.0 , 0.0 , 0.0 , 0.0 , 0.0 , 0.0 , 0.0 , 0.0 , 0.0 , 0.0 , 0.0 , 0.0 , 0.0 , 0.0 , 0.0 , 0.0 , 0.0 , 0.0 , 0.0 , 0.0 , 0.0 , 0.0 , 0.0 , 0.0 , 0.0 , 0.0 , 0.0 , 0.0 , 0.0 , 0.0 , 0.0 , 0.0 , 0.0 , 0.0 , 1.0 , 0.0 , 0.0 , 1.0 , 0.0 , 0.0 , 1.0 ,  
0.0 , 0.0 , 0.0 , 0.0 , 1.0 , 0.0 , 0.0 , 0.0 , 0.0 , 1.0 , 0.0 , 0.0 , 0.0 , 0.0 , 1.0 , 0.0 , 0.0 , 0.0 , 0.0 , 0.0 , 0.0 , 0.0 , 0.0 , 0.0 , 0.0 , 0.0 , 0.0 , 0.0 , 0.0 , 0.0 , 0.0 , 0.0 , 0.0 , 0.0 , 0.0 , 0.0 , 0.0 , 0.0 , 0.0 , 0.0 , 0.0 , 0.0 , 0.0 , 0.0 , 0.0 , 0.0 , 0.0 , 0.0 , 0.0 , 0.0 , 0.0 , 0.0 , 0.0 , 1.0 , 0.0 , 0.0 , 1.0 , 0.0 , 0.0 , 1.0 ,  
0.0 , 0.0 , 0.0 , 0.0 , 1.0 , 0.0 , 0.0 , 0.0 , 0.0 , 1.0 , 0.0 , 0.0 , 0.0 , 0.0 , 1.0 , 0.0 , 0.0 , 0.0 , 0.0 , 0.0 , 0.0 , 0.0 , 0.0 , 0.0 , 0.0 , 0.0 , 0.0 , 0.0 , 0.0 , 0.0 , 0.0 , 0.0 , 0.0 , 0.0 , 0.0 , 0.0 , 0.0 , 0.0 , 0.0 , 0.0 , 0.0 , 0.0 , 0.0 , 0.0 , 0.0 , 0.0 , 0.0 , 0.0 , 0.0 , 0.0 , 0.0 , 0.0 , 0.0 , 1.0 , 0.0 , 0.0 , 1.0 , 0.0 , 0.0 , 1.0 ,  
0.0 , 0.0 , 0.0 , 0.0 , 1.0 , 0.0 , 0.0 , 0.0 , 0.0 , 1.0 , 0.0 , 0.0 , 0.0 , 0.0 , 1.0 , 0.0 , 0.0 , 0.0 , 0.0 , 0.0 , 0.0 , 0.0 , 0.0 , 0.0 , 0.0 , 0.0 , 0.0 , 0.0 , 0.0 , 0.0 , 0.0 , 0.0 , 0.0 , 0.0 , 0.0 , 0.0 , 0.0 , 0.0 , 0.0 , 0.0 , 0.0 , 0.0 , 0.0 , 0.0 , 0.0 , 0.0 , 0.0 , 0.0 , 0.0 , 0.0 , 0.0 , 0.0 , 0.0 , 1.0 , 0.0 , 0.0 , 1.0 , 0.0 , 0.0 , 1.0 ,  
0.0 , 0.0 , 0.0 , 0.0 , 1.0 , 0.0 , 0.0 , 0.0 , 0.0 , 1.0 , 0.0 , 0.0 , 0.0 , 0.0 , 1.0 , 0.0 , 0.0 , 0.0 , 0.0 , 0.0 , 0.0 , 0.0 , 0.0 , 0.0 , 0.0 , 0.0 , 0.0 , 0.0 , 0.0 , 0.0 , 0.0 , 0.0 , 0.0 , 0.0 , 0.0 , 0.0 , 0.0 , 0.0 , 0.0 , 0.0 , 0.0 , 0.0 , 0.0 , 0.0 , 0.0 , 0.0 , 0.0 , 0.0 , 0.0 , 0.0 , 0.0 , 0.0 , 0.0 , 1.0 , 0.0 , 0.0 , 1.0 , 0.0 , 0.0 , 1.0 ,  
0.0 , 0.0 , 0.0 , 0.0 , 1.0 , 0.0 , 0.0 , 0.0 , 0.0 , 1.0 , 0.0 , 0.0 , 0.0 , 0.0 , 1.0 , 0.0 , 0.0 , 0.0 , 0.0 , 0.0 , 0.0 , 0.0 , 0.0 , 0.0 , 0.0 , 0.0 , 0.0 , 0.0 , 0.0 , 0.0 , 0.0 , 0.0 , 0.0 , 0.0 , 0.0 , 0.0 , 0.0 , 0.0 , 0.0 , 0.0 , 0.0 , 0.0 , 0.0 , 0.0 , 0.0 , 0.0 , 0.0 , 0.0 , 0.0 , 0.0 , 0.0 , 0.0 , 0.0 , 1.0 , 0.0 , 0.0 , 1.0 , 0.0 , 0.0 , 1.0 ,  
0.0 , 0.0 , 0.0 , 0.0 , 1.0 , 0.0 , 0.0 , 0.0 , 0.0 , 1.0 , 0.0 , 0.0 , 0.0 , 0.0 , 1.0 , 0.0 , 0.0 , 0.0 , 0.0 , 0.0 , 0.0 , 0.0 , 0.0 , 0.0 , 0.0 , 0.0 , 0.0 , 0.0 , 0.0 , 0.0 , 0.0 , 0.0 , 0.0 , 0.0 , 0.0 , 0.0 , 0.0 , 0.0 , 0.0 , 0.0 , 0.0 , 0.0 , 0.0 , 0.0 , 0.0 , 0.0 , 0.0 , 0.0 , 0.0 , 0.0 , 0.0 , 0.0 , 0.0 , 1.0 , 0.0 , 0.0 , 1.0 , 0.0 , 0.0 , 1.0 ,  
0.0 , 0.0 , 0.0 , 0.0 , 1.0 , 0.0 , 0.0 , 0.0 , 0.0 , 1.0 , 0.0 , 0.0 , 0.0 , 0.0 , 1.0 , 0.0 , 0.0 , 0.0 , 0.0 , 0.0 , 0.0 , 0.0 , 0.0 , 0.0 , 0.0 , 0.0 , 0.0 , 0.0 , 0.0 , 0.0 , 0.0 , 0.0 , 0.0 , 0.0 , 0.0 , 0.0 , 0.0 , 0.0 , 0.0 , 0.0 , 0.0 , 0.0 , 0.0 , 0.0 , 0.0 , 0.0 , 0.0 , 0.0 , 0.0 , 0.0 , 0.0 , 0.0 , 0.0 , 1.0 , 0.0 , 0.0 , 1.0 , 0.0 , 0.0 , 1.0 ,  
0.0 , 0.0 , 0.0 , 0.0 , 1.0 , 0.0 , 0.0 , 0.0 , 0.0 , 1.0 , 0.0 , 0.0 , 0.0 , 0.0 , 1.0 , 0.0 , 0.0 , 0.0 , 0.0 , 0.0 , 0.0 , 0.0 , 0.0 , 0.0 , 0.0 , 0.0 , 0.0 , 0.0 , 0.0 , 0.0 , 0.0 , 0.0 , 0.0 , 0.0 , 0.0 , 0.0 , 0.0 , 0.0 , 0.0 , 0.0 , 0.0 , 0.0 , 0.0 , 0.0 , 0.0 , 0.0 , 0.0 , 0.0 , 0.0 , 0.0 , 0.0 , 0.0 , 0.0 , 1.0 , 0.0 , 0.0 , 1.0 , 0.0 , 0.0 , 1.0 ,  
0.0 , 0.0 , 0.0 , 0.0 , 1.0 , 0.0 , 0.0 , 0.0 , 0.0 , 1.0 , 0.0 , 0.0 , 0.0 , 0.0 , 1.0 , 0.0 , 0.0 , 0.0 , 0.0 , 0.0 , 0.0 , 0.0 , 0.0 , 0.0 , 0.0 , 0.0 , 0.0 , 0.0 , 0.0 , 0.0 , 0.0 , 0.0 , 0.0 , 0.0 , 0.0 , 0.0 , 0.0 , 0.0 , 0.0 , 0.0 , 0.0 , 0.0 , 0.0 , 0.0 , 0.0 , 0.0 , 0.0 , 0.0 , 0.0 , 0.0 , 0.0 , 0.0 , 0.0 , 1.0 , 0.0 , 0.0 , 1.0 , 0.0 , 0.0 , 1.0 ,  
0.0 , 0.0 , 0.0 , 0.0 , 1.0 , 0.0 , 0.0 , 0.0 , 0.0 , 1.0 , 0.0 , 0.0 , 0.0 , 0.0 , 1.0 , 0.0 , 0.0 , 0.0 , 0.0 , 0.0 , 0.0 , 0.0 , 0.0 , 0.0 , 0.0 , 0.0 , 0.0 , 0.0 , 0.0 , 0.0 , 0.0 , 0.0 , 0.0 , 0.0 , 0.0 , 0.0 , 0.0 , 0.0 , 0.0 , 0.0 , 0.0 , 0.0 , 0.0 , 0.0 , 0.0 , 0.0 , 0.0 , 0.0 , 0.0 , 0.0 , 0.0 , 0.0 , 0.0 , 1.0 , 0.0 , 0.0 , 1.0 , 0.0 , 0.0 , 1.0 ,  
0.0 , 0.0 , 0.0 , 0.0 , 1.0 , 0.0 , 0.0 , 0.0 , 0.0 , 1.0 , 0.0 , 0.0 , 0.0 , 0.0 , 1.0 , 0.0 , 0.0 , 0.0 , 0.0 , 0.0 , 0.0 , 0.0 , 0.0 , 0.0 , 0.0 , 0.0 , 0.0 , 0.0 , 0.0 , 0.0 , 0.0 , 0.0 , 0.0 , 0.0 , 0.0 , 0.0 , 0.0 , 0.0 , 0.0 , 0.0 , 0.0 , 0.0 , 0.0 , 0.0 , 0.0 , 0.0 , 0.0 , 0.0 , 0.0 , 0.0 , 0.0 , 0.0 , 0.0 , 1.0 , 0.0 , 0.0 , 1.0 , 0.0 , 0.0 , 1.0 ,  
0.0 , 0.0 , 0.0 , 0.0 , 1.0 , 0.0 , 0.0 , 0.0 , 0.0 , 1.0 , 0.0 , 0.0 , 0.0 , 0.0 , 1.0 , 0.0 , 0.0 , 0.0 , 0.0 , 0.0 , 0.0 , 0.0 , 0.0 , 0.0 , 0.0 , 0.0 , 0.0 , 0.0 , 0.0 , 0.0 , 0.0 , 0.0 , 0.0 , 0.0 , 0.0 , 0.0 , 0.0 , 0.0 , 0.0 , 0.0 , 0.0 , 0.0 , 0.0 , 0.0 , 0.0 , 0.0 , 0.0 , 0.0 , 0.0 , 0.0 , 0.0 , 0.0 , 0.0 , 1.0 , 0.0 , 0.0 , 1.0 , 0.0 , 0.0 , 1.0 ,  
0.0 , 0.0 , 0.0 , 0.0 , 1.0 , 0.0 , 0.0 , 0.0 , 0.0 , 1.0 , 0.0 , 0.0 , 0.0 , 0.0 , 1.0 , 0.0 , 0.0 , 0.0 , 0.0 , 0.0 , 0.0 , 0.0 , 0.0 , 0.0 , 0.0 , 0.0 , 0.0 , 0.0 , 0.0 , 0.0 , 0.0 , 0.0 , 0.0 , 0.0 , 0.0 , 0.0 , 0.0 , 0.0 , 0.0 , 0.0 , 0.0 , 0.0 , 0.0 , 0.0 , 0.0 , 0.0 , 0.0 , 0.0 , 0.0 , 0.0 , 0.0 , 0.0 , 0.0 , 1.0 , 0.0 , 0.0 , 1.0 , 0.0 , 0.0 , 1.0 ,  
0.0 , 0.0 , 0.0 , 0.0 , 1.0 , 0.0 , 0.0 , 0.0 , 0.0 , 1.0 , 0.0 , 0.0 , 0.0 , 0.0 , 1.0 , 0.0 , 0.0 , 0.0 , 0.0 , 0.0 , 0.0 , 0.0 , 0.0 , 0.0 , 0.0 , 0.0 , 0.0 , 0.0 , 0.0 , 0.0 , 0.0 , 0.0 , 0.0 , 0.0 , 0.0 , 0.0 , 0.0 , 0.0 , 0.0 , 0.0 , 0.0 , 0.0 , 0.0 , 0.0 , 0.0 , 0.0 , 0.0 , 0.0 , 0.0 , 0.0 , 0.0 , 0.0 , 0.0 , 1.0 , 0.0 , 0.0 , 1.0 , 0.0 , 0.0 , 1.0 ,  
0.0 , 0.0 , 0.0 , 0.0 , 1.0 , 0.0 , 0.0 , 0.0 , 0.0 , 1.0 , 0.0 , 0.0 , 0.0 , 0.0 , 1.0 , 0.0 , 0.0 , 0.0 , 0.0 , 0.0 , 0.0 , 0.0 , 0.0 , 0.0 , 0.0 , 0.0 , 0.0 , 0.0 , 0.0 , 0.0 , 0.0 , 0.0 , 0.0 , 0.0 , 0.0 , 0.0 , 0.0 , 0.0 , 0.0 , 0.0 , 0.0 , 0.0 , 0.0 , 0.0 , 0.0 , 0.0 , 0.0 , 0.0 , 0.0 , 0.0 , 0.0 , 0.0 , 0.0 , 1.0 , 0.0 , 0.0 , 1.0 , 0.0 , 0.0 , 1.0 ,  
0.0 , 0.0 , 0.0 , 0.0 , 1.0 , 0.0 , 0.0 , 0.0 , 0.0 , 1.0 , 0.0 , 0.0 , 0.0 , 0.0 , 1.0 , 0.0 , 0.0 , 0.0 , 0.0 , 0.0 , 0.0 , 0.0 , 0.0 , 0.0 , 0.0 , 0.0 , 0.0 , 0.0 , 0.0 , 0.0 , 0.0 , 0.0 , 0.0 , 0.0 , 0.0 , 0.0 , 0.0 , 0.0 , 0.0 , 0.0 , 0.0 , 0.0 , 0.0 , 0.0 , 0.0 , 0.0 , 0.0 , 0.0 , 0.0 , 0.0 , 0.0 , 0.0 , 0.0 , 1.0 , 0.0 , 0.0 , 1.0 , 0.0 , 0.0 , 1.0 ,  
0.0 , 0.0 , 0.0 , 0.0 , 1.0 , 0.0 , 0.0 , 0.0 , 0.0 , 1.0 , 0.0 , 0.0 , 0.0 , 0.0 , 1.0 , 0.0 , 0.0 , 0.0 , 0.0 , 0.0 , 0.0 , 0.0 , 0.0 , 0.0 , 0.0 , 0.0 , 0.0 , 0.0 , 0.0 , 0.0 , 0.0 , 0.0 , 0.0 , 0.0 , 0.0 , 0.0 , 0.0 , 0.0 , 0.0 , 0.0 , 0.0 , 0.0 , 0.0 , 0.0 , 0.0 , 0.0 , 0.0 , 0.0 , 0.0 , 0.0 , 0.0 , 0.0 , 0.0 , 1.0 , 0.0 , 0.0 , 1.0 , 0.0 , 0.0 , 1.0 ,  
0.0 , 0.0 , 0.0 , 0.0 , 1.0 , 0.0 , 0.0 , 0.0 , 0.0 , 1.0 , 0.0 , 0.0 , 0.0 , 0.0 , 1.0 , 0.0 , 0.0 , 0.0 , 0.0 , 0.0 , 0.0 , 0.0 , 0.0 , 0.0 , 0.0 , 0.0 , 0.0 , 0.0 , 0.0 , 0.0 , 0.0 , 0.0 , 0.0 , 0.0 , 0.0 , 0.0 , 0.0 , 0.0 , 0.0 , 0.0 , 0.0 , 0.0 , 0.0 , 0.0 , 0.0 , 0.0 , 0.0 , 0.0 , 0.0 , 0.0 , 0.0 , 0.0 , 0.0 , 1.0 , 0.0 , 0.0 , 1.0 , 0.0 , 0.0 , 1.0 ,  
0.0 , 0.0 , 0.0 , 0.0 , 1.0 , 0.0 , 0.0 , 0.0 , 0.0 , 1.0 , 0.0 , 0.0 , 0.0 , 0.0 , 1.0 , 0.0 , 0.0 , 0.0 , 0.0 , 0.0 , 0.0 , 0.0 , 0.0 , 0.0 , 0.0 , 0.0 , 0.0 , 0.0 , 0.0 , 0.0 , 0.0 , 0.0 , 0.0 , 0.0 , 0.0 , 0.0 , 0.0 , 0.0 , 0.0 , 0.0 , 0.0 , 0.0 , 0.0 , 0.0 , 0.0 , 0.0 , 0.0 , 0.0 , 0.0 , 0.0 , 0.0 , 0.0 , 0.0 , 1.0 , 0.0 , 0.0 , 1.0 , 0.0 , 0.0 , 1.0 ,  
0.0 , 0.0 , 0.0 , 0.0 , 1.0 , 0.0 , 0.0 , 0.0 , 0.0 , 1.0 , 0.0 , 0.0 , 0.0 , 0.0 , 1.0 , 0.0 , 0.0 , 0.0 , 0.0 , 0.0 , 0.0 , 0.0 , 0.0 , 0.0 , 0.0 , 0.0 , 0.0 , 0.0 , 0.0 , 0.0 , 0.0 , 0.0 , 0.0 , 0.0 , 0.0 , 0.0 , 0.0 , 0.0 , 0.0 , 0.0 , 0.0 , 0.0 , 0.0 , 0.0 , 0.0 , 0.0 , 0.0 , 0.0 , 0.0 , 0.0 , 0.0 , 0.0 , 0.0 , 1.0 , 0.0 , 0.0 , 1.0 , 0.0 , 0.0 , 1.0 ,  
0.0 , 0.0 , 0.0 , 0.0 , 1.0 , 0.0 , 0.0 , 0.0 , 0.0 , 1.0 , 0.0 , 0.0 , 0.0 , 0.0 , 1.0 , 0.0 , 0.0 , 0.0 , 0.0 , 0.0 , 0.0 , 0.0 , 0.0 , 0.0 , 0.0 , 0.0 , 0.0 , 0.0 , 0.0 , 0.0 , 0.0 , 0.0 , 0.0 , 0.0 , 0.0 , 0.0 , 0.0 , 0.0 , 0.0 , 0.0 , 0.0 , 0.0 , 0.0 , 0.0 , 0.0 , 0.0 , 0.0 , 0.0 , 0.0 , 0.0 , 0.0 , 0.0 , 0.0 , 1.0 , 0.0 , 0.0 , 1.0 , 0.0 , 0.0 , 1.0 ,  
0.0 , 0.0 , 0.0 , 0.0 , 1.0 , 0.0 , 0.0 , 0.0 , 0.0 , 1.0 , 0.0 , 0.0 , 0.0 , 0.0 , 1.0 , 0.0 , 0.0 , 0.0 , 0.0 , 0.0 , 0.0 , 0.0 , 0.0 , 0.0 , 0.0 , 0.0 , 0.0 , 0.0 , 0.0 , 0.0 , 0.0 , 0.0 , 0.0 , 0.0 , 0.0 , 0.0 , 0.0 , 0.0 , 0.0 , 0.0 , 0.0 , 0.0 , 0.0 , 0.0 , 0.0 , 0.0 , 0.0 , 0.0 , 0.0 , 0.0 , 0.0 , 0.0 , 0.0 , 1.0 , 0.0 , 0.0 , 1.0 , 0.0 , 0.0 , 1.0 ,  
0.0 , 0.0 , 0.0 , 0.0 , 1.0 , 0.0 , 0.0 , 0.0 , 0.0 , 1.0 , 0.0 , 0.0 , 0.0 , 0.0 , 1.0 , 0.0 , 0.0 , 0.0 , 0.0 , 0.0 , 0.0 , 0.0 , 0.0 , 0.0 , 0.0 , 0.0 , 0.0 , 0.0 , 0.0 , 0.0 , 0.0 , 0.0 , 0.0 , 0.0 , 0.0 , 0.0 , 0.0 , 0.0 , 0.0 , 0.0 , 0.0 , 0.0 , 0.0 , 0.0 , 0.0 , 0.0 , 0.0 , 0.0 , 0.0 , 0.0 , 0.0 , 0.0 , 0.0 , 1.0 , 0.0 , 0.0 , 1.0 , 0.0 , 0.0 , 1.0 ,  
0.0 , 0.0 , 0.0 , 0.0 , 1.0 , 0.0 , 0.0 , 0.0 , 0.0 , 1.0 , 0.0 , 0.0 , 0.0 , 0.0 , 1.0 , 0.0 , 0.0 , 0.0 , 0.0 , 0.0 , 0.0 , 0.0 , 0.0 , 0.0 , 0.0 , 0.0 , 0.0 , 0.0 , 0.0 , 0.0 , 0.0 , 0.0 , 0.0 , 0.0 , 0.0 , 0.0 , 0.0 , 0.0 , 0.0 , 0.0 , 0.0 , 0.0 , 0.0 , 0.0 , 0.0 , 0.0 , 0.0 , 0.0 , 0.0 , 0.0 , 0.0 , 0.0 , 0.0 , 1.0 , 0.0 , 0.0 , 1.0 , 0.0 , 0.0 , 1.0 ,  
0.0 , 0.0 , 0.0 , 0.0 , 1.0 , 0.0 , 0.0 , 0.0 , 0.0 , 1.0 , 0.0 , 0.0 , 0.0 , 0.0 , 1.0 , 0.0 , 0.0 , 0.0 , 0.0 , 0.0 , 0.0 , 0.0 , 0.0 , 0.0 , 0.0 , 0.0 , 0.0 , 0.0 , 0.0 , 0.0 , 0.0 , 0.0 , 0.0 , 0.0 , 0.0 , 0.0 , 0.0 , 0.0 , 0.0 , 0.0 , 0.0 , 0.0 , 0.0 , 0.0 , 0.0 , 0.0 , 0.0 , 0.0 , 0.0 , 0.0 , 0.0 , 0.0 , 0.0 , 1.0 , 0.0 , 0.0 , 1.0 , 0.0 , 0.0 , 1.0 ,  
0.0 , 0.0 , 0.0 , 0.0 , 1.0 , 0.0 , 0.0 , 0.0 , 0.0 , 1.0 , 0.0 , 0.0 , 0.0 , 0.0 , 1.0 , 0.0 , 0.0 , 0.0 , 0.0 , 0.0 , 0.0 , 0.0 , 0.0 , 0.0 , 0.0 , 0.0 , 0.0 , 0.0 , 0.0 , 0.0 , 0.0 , 0.0 , 0.0 , 0.0 , 0.0 , 0.0 , 0.0 , 0.0 , 0.0 , 0.0 , 0.0 , 0.0 , 0.0 , 0.0 , 0.0 , 0.0 , 0.0 , 0.0 , 0.0 , 0.0 , 0.0 , 0.0 , 0.0 , 1.0 , 0.0 , 0.0 , 1.0 , 0.0 , 0.0 , 1.0 ,  
0.0 , 0.0 , 0.0 , 0.0 , 1.0 , 0.0 , 0.0 , 0.0 , 0.0 , 1.0 , 0.0 , 0.0 , 0.0 , 0.0 , 1.0 , 0.0 , 0.0 , 0.0 , 0.0 , 0.0 , 0.0 , 0.0 , 0.0 , 0.0 , 0.0 , 0.0 , 0.0 , 0.0 , 0.0 , 0.0 , 0.0 , 0.0 , 0.0 , 0.0 , 0.0 , 0.0 , 0.0 , 0.0 , 0.0 , 0.0 , 0.0 , 0.0 , 0.0 , 0.0 , 0.0 , 0.0 , 0.0 , 0.0 , 0.0 , 0.0 , 0.0 , 0.0 , 0.0 , 1.0 , 0.0 , 0.0 , 1.0 , 0.0 , 0.0 , 1.0 ,  
0.0 , 0.0 , 0.0 , 0.0 , 1.0 , 0.0 , 0.0 , 0.0 , 0.0 , 1.0 , 0.0 , 0.0 , 0.0 , 0.0 , 1.0 , 0.0 , 0.0 , 0.0 , 0.0 , 0.0 , 0.0 , 0.0 , 0.0 , 0.0 , 0.0 , 0.0 , 0.0 , 0.0 , 0.0 , 0.0 , 0.0 , 0.0 , 0.0 , 0.0 , 0.0 , 0.0 , 0.0 , 0.0 , 0.0 , 0.0 , 0.0 , 0.0 , 0.0 , 0.0 , 0.0 , 0.0 , 0.0 , 0.0 , 0.0 , 0.0 , 0.0 , 0.0 , 0.0 , 1.0 , 0.0 , 0.0 , 1.0 , 0.0 , 0.0 , 1.0 ,  
0.0 , 0.0 , 0.0 , 0.0 , 1.0 , 0.0 , 0.0 , 0.0 , 0.0 , 1.0 , 0.0 , 0.0 , 0.0 , 0.0 , 1.0 , 0.0 , 0.0 , 0.0 , 0.0 , 0.0 , 0.0 , 0.0 , 0.0 , 0.0 , 0.0 , 1.0000000000000033 , 0.0 , 0.0 , 0.0 , 1.0000000000000033 , -0.0 , 0.0 , 0.0 , 0.0 , 0.0 , -0.0 , 0.0 , 0.0 , 0.0 , 0.0 , 0.0 , 0.0 , 0.0 , 0.0 , 0.0 , 0.0 , 0.0 , 0.0 , 0.0 , 0.0 , 0.0 , 0.0 , 0.0 , 1.0 , 0.0 , 0.0 , 1.0 , 0.0 , 0.0 , 1.0 ,  
0.0 , 0.0 , 0.0 , 0.0 , 1.0 , 0.0 , 0.0 , 0.0 , 0.0 , 1.0 , 0.0 , 0.0 , 0.0 , 0.0 , 1.0 , -0.0 , 0.0 , 0.0 , 0.0 , 0.0 , 0.0 , 0.0 , 0.0 , 0.0 , 0.0 , -3.243670866541609e-15 , 0.0 , 0.0 , 0.0 , 1.0 , 0.0 , 0.0 , 0.0 , 0.0 , 0.0 , -0.0 , 0.0 , 0.0 , 0.0 , 0.0 , 0.0 , 0.0 , 0.0 , 0.0 , 0.0 , 0.0 , 0.0 , 0.0 , 0.0 , 0.0 , 0.0 , 0.0 , 0.0 , 1.0 , 0.0 , 0.0 , 1.0 , 0.0 , 0.0 , 1.0 ,  
0.0 , 0.0 , 0.0 , 0.0 , 1.0 , 0.0 , 0.0 , 0.0 , 0.0 , 1.0 , 0.0 , 0.0 , 0.0 , 0.0 , 1.0 , 0.0 , 0.0 , 0.0 , 0.0 , 0.0 , 0.0 , 0.0 , 0.0 , 0.0 , -0.0 , 0.0 , 0.0 , 0.0 , 0.0 , 1.0 , 0.0 , 0.0 , 0.0 , 0.0 , 0.0 , 0.0 , 0.0 , 0.0 , 0.0 , 0.0 , 0.0 , 0.0 , 0.0 , 0.0 , 0.0 , 0.0 , 0.0 , 0.0 , 0.0 , 0.0 , 0.0 , 0.0 , 0.0 , 1.0 , 0.0 , 0.0 , 1.0 , 0.0 , 0.0 , 1.0 ,  
0.0 , 0.0 , 0.0 , 0.0 , 1.0 , 0.0 , 0.0 , 0.0 , 0.0 , 1.0 , 0.0 , 0.0 , 0.0 , 0.0 , 1.0 , 0.0 , 0.0 , 0.0 , 0.0 , 0.0 , 0.0 , 0.0 , 0.0 , 0.0 , 0.0 , 0.0 , 0.0 , 0.0 , 0.0 , 1.0 , 0.0 , 0.0 , 0.0 , 0.0 , -0.0 , 0.0 , 0.0 , 0.0 , 0.0 , -0.0 , 0.0 , 0.0 , 0.0 , 0.0 , 0.0 , 0.0 , 0.0 , 0.0 , 0.0 , 0.0 , 0.0 , 0.0 , 0.0 , 1.0 , 0.0 , 0.0 , 1.0 , 0.0 , 0.0 , 1.0 ,  
0.0 , 0.0 , 0.0 , 0.0 , 1.0 , 0.0 , 0.0 , 0.0 , 0.0 , 1.0 , 0.0 , 0.0 , 0.0 , 0.0 , 1.0 , 0.0 , 0.0 , 0.0 , 0.0 , -0.0 , 0.0 , 0.0 , 0.0 , 0.0 , 0.0 , 0.0 , 0.0 , 0.0 , 0.0 , 1.0 , 0.0 , 0.0 , 0.0 , 0.0 , 0.0 , 0.0 , 0.0 , 0.0 , 0.0 , 0.0 , 0.0 , 0.0 , 0.0 , 0.0 , 0.0 , 0.0 , 0.0 , 0.0 , 0.0 , 0.0 , 0.0 , 0.0 , 0.0 , 1.0 , 0.0 , 0.0 , 1.0 , 0.0 , 0.0 , 1.0 ,  
0.0 , 0.0 , 0.0 , 0.0 , 1.0 , 0.0 , 0.0 , 0.0 , 0.0 , 1.0 , 0.0 , 0.0 , 0.0 , 0.0 , 1.0 , 0.0 , 0.0 , 0.0 , 0.0 , 0.0 , 0.0 , 0.0 , 0.0 , 0.0 , 0.0 , 0.0 , 0.0 , 0.0 , 0.0 , 1.0 , 0.0 , 0.0 , 0.0 , 0.0 , 0.0 , 0.0 , 0.0 , 0.0 , 0.0 , 0.0 , 0.0 , 0.0 , 0.0 , 0.0 , 0.0 , 0.0 , 0.0 , 0.0 , 0.0 , 0.0 , 0.0 , 0.0 , 0.0 , 1.0 , 0.0 , 0.0 , 1.0 , 0.0 , 0.0 , 1.0 ,  
0.0 , 0.0 , 0.0 , 0.0 , 1.0 , 0.0 , 0.0 , 0.0 , 0.0 , 1.0 , 0.0 , 0.0 , 0.0 , 0.0 , 1.0 , 0.0 , 0.0 , 0.0 , 0.0 , 0.0 , 0.0 , 0.0 , 0.0 , 0.0 , 0.0 , 0.0 , 0.0 , 0.0 , 0.0 , 1.0 , 0.0 , 0.0 , 0.0 , 0.0 , 0.0 , 0.0 , 0.0 , 0.0 , 0.0 , 0.0 , 0.0 , 0.0 , 0.0 , 0.0 , 0.0 , 0.0 , 0.0 , 0.0 , 0.0 , 0.0 , 0.0 , 0.0 , 0.0 , 1.0 , 0.0 , 0.0 , 1.0 , 0.0 , 0.0 , 1.0 ,  
0.0 , 0.0 , 0.0 , 0.0 , 1.0 , 0.0 , 0.0 , 0.0 , 0.0 , 1.0 , 0.0 , 0.0 , 0.0 , 0.0 , 1.0 , 0.0 , 0.0 , 0.0 , 0.0 , 0.0 , 0.0 , 0.0 , 0.0 , 0.0 , 0.0 , 0.0 , 0.0 , 0.0 , 0.0 , 1.0 , 0.0 , 0.0 , 0.0 , 0.0 , 0.0 , 0.0 , 0.0 , 0.0 , 0.0 , 0.0 , 0.0 , 0.0 , 0.0 , 0.0 , 0.0 , 0.0 , 0.0 , 0.0 , 0.0 , 0.0 , 0.0 , 0.0 , 0.0 , 1.0 , 0.0 , 0.0 , 1.0 , 0.0 , 0.0 , 1.0 ,  
0.0 , 0.0 , 0.0 , 0.0 , 1.0 , 0.0 , 0.0 , 0.0 , 0.0 , 1.0 , 0.0 , 0.0 , 0.0 , 0.0 , 1.0 , 0.0 , 0.0 , 0.0 , 0.0 , 0.0 , 0.0 , 0.0 , 0.0 , 0.0 , 0.0 , 0.0 , 0.0 , 0.0 , 0.0 , 1.0 , 0.0 , 0.0 , 0.0 , 0.0 , 0.0 , 0.0 , 0.0 , 0.0 , 0.0 , 0.0 , 0.0 , 0.0 , 0.0 , 0.0 , 0.0 , 0.0 , 0.0 , 0.0 , 0.0 , 0.0 , 0.0 , 0.0 , 0.0 , 1.0 , 0.0 , 0.0 , 1.0 , 0.0 , 0.0 , 1.0 ,  
0.0 , 0.0 , 0.0 , 0.0 , 1.0 , 0.0 , 0.0 , 0.0 , 0.0 , 1.0 , 0.0 , 0.0 , 0.0 , 0.0 , 1.0 , 0.0 , 0.0 , 0.0 , 0.0 , 0.0 , 0.0 , 0.0 , 0.0 , 0.0 , 0.0 , 0.0 , 0.0 , 0.0 , 0.0 , 1.0 , 0.0 , 0.0 , 0.0 , 0.0 , 0.0 , 0.0 , 0.0 , 0.0 , 0.0 , 0.0 , 0.0 , 0.0 , 0.0 , 0.0 , 0.0 , 0.0 , 0.0 , 0.0 , 0.0 , 0.0 , 0.0 , 0.0 , 0.0 , 1.0 , 0.0 , 0.0 , 1.0 , 0.0 , 0.0 , 1.0 ,  
0.0 , 0.0 , 0.0 , 0.0 , 1.0 , 0.0 , 0.0 , 0.0 , 0.0 , 1.0 , 0.0 , 0.0 , 0.0 , 0.0 , 1.0 , 0.0 , 0.0 , 0.0 , 0.0 , 0.0 , 0.0 , 0.0 , 0.0 , 0.0 , 0.0 , 0.0 , 0.0 , 0.0 , 0.0 , 1.0 , 0.0 , 0.0 , 0.0 , 0.0 , 0.0 , 0.0 , 0.0 , 0.0 , 0.0 , 0.0 , 0.0 , 0.0 , 0.0 , 0.0 , 0.0 , 0.0 , 0.0 , 0.0 , 0.0 , 0.0 , 0.0 , 0.0 , 0.0 , 1.0 , 0.0 , 0.0 , 1.0 , 0.0 , 0.0 , 1.0 ,  
0.0 , 0.0 , 0.0 , 0.0 , 1.0 , 0.0 , 0.0 , 0.0 , 0.0 , 1.0 , 0.0 , 0.0 , 0.0 , 0.0 , 1.0 , -5.162537064507015e-15 , 0.0 , 0.0 , 0.0 , -5.162537064507015e-15 , -0.0 , 0.0 , 0.0 , 0.0 , 0.0 , 0.0 , 0.0 , 0.0 , 0.0 , 1.0 , -0.0 , 0.0 , 0.0 , 0.0 , 0.0 , 1.0 , 0.0 , 0.0 , 0.0 , 1.0 , 0.0 , 0.0 , 0.0 , 0.0 , 0.0 , 0.0 , 0.0 , 0.0 , 0.0 , 0.0 , 0.0 , 0.0 , 0.0 , 1.0 , 0.0 , 0.0 , 1.0 , 0.0 , 0.0 , 1.0 ,  
0.0 , 0.0 , 0.0 , 0.0 , 1.0 , 0.0 , 0.0 , 0.0 , 0.0 , 1.0 , 0.0 , 0.0 , 0.0 , 0.0 , 1.0 , 0.0 , 0.0 , 0.0 , 0.0 , -5.162537064507015e-15 , -0.0 , 0.0 , 0.0 , 0.0 , 0.0 , -0.0 , 0.0 , 0.0 , 0.0 , 1.0 , 1.000000000000015 , 0.0 , 0.0 , 0.0 , 1.000000000000015 , 0.0 , 0.0 , 0.0 , 0.0 , 1.0 , 0.0 , 0.0 , 0.0 , 0.0 , 0.0 , 0.0 , 0.0 , 0.0 , 0.0 , 0.0 , 0.0 , 0.0 , 0.0 , 1.0 , 0.0 , 0.0 , 1.0 , 0.0 , 0.0 , 1.0 ,  
0.0 , 0.0 , 0.0 , 0.0 , 1.0 , 0.0 , 0.0 , 0.0 , 0.0 , 1.0 , 0.0 , 0.0 , 0.0 , 0.0 , 1.0 , 0.0 , 0.0 , 0.0 , 0.0 , -5.162537064507015e-15 , 0.0 , 0.0 , 0.0 , 0.0 , -0.0 , 0.0 , 0.0 , 0.0 , 0.0 , 1.0 , 0.0 , 0.0 , 0.0 , 0.0 , 1.000000000000015 , 0.0 , 0.0 , 0.0 , 0.0 , 1.0 , 0.0 , 0.0 , 0.0 , 0.0 , 0.0 , 0.0 , 0.0 , 0.0 , 0.0 , 0.0 , 0.0 , 0.0 , 0.0 , 1.0 , 0.0 , 0.0 , 1.0 , 0.0 , 0.0 , 1.0 ,  
0.0 , 0.0 , 0.0 , 0.0 , 1.0 , 0.0 , 0.0 , 0.0 , 0.0 , 1.0 , 0.0 , 0.0 , 0.0 , 0.0 , 1.0 , 0.0 , 0.0 , 0.0 , 0.0 , -5.162537064507015e-15 , 0.0 , 0.0 , 0.0 , 0.0 , 0.0 , 0.0 , 0.0 , 0.0 , 0.0 , 1.0 , 0.0 , 0.0 , 0.0 , 0.0 , 1.000000000000015 , -0.0 , 0.0 , 0.0 , 0.0 , 1.0 , 0.0 , 0.0 , 0.0 , 0.0 , 0.0 , 0.0 , 0.0 , 0.0 , 0.0 , 0.0 , 0.0 , 0.0 , 0.0 , 1.0 , 0.0 , 0.0 , 1.0 , 0.0 , 0.0 , 1.0 ,  
0.0 , 0.0 , 0.0 , 0.0 , 1.0 , 0.0 , 0.0 , 0.0 , 0.0 , 1.0 , 0.0 , 0.0 , 0.0 , 0.0 , 1.0 , 0.0 , 0.0 , 0.0 , 0.0 , -5.162537064507015e-15 , 0.0 , 0.0 , 0.0 , 0.0 , 0.0 , 0.0 , 0.0 , 0.0 , 0.0 , 1.0 , -1.0436096431476471e-14 , 0.0 , 0.0 , 0.0 , 1.0000000000000047 , 0.0 , 0.0 , 0.0 , 0.0 , 1.0 , 0.0 , 0.0 , 0.0 , 0.0 , 0.0 , 0.0 , 0.0 , 0.0 , 0.0 , 0.0 , 0.0 , 0.0 , 0.0 , 1.0 , 0.0 , 0.0 , 1.0 , 0.0 , 0.0 , 1.0 ,  
0.0 , 0.0 , 0.0 , 0.0 , 1.0 , 0.0 , 0.0 , 0.0 , 0.0 , 1.0 , 0.0 , 0.0 , 0.0 , 0.0 , 1.0 , 0.0 , 0.0 , 0.0 , 0.0 , -5.162537064507015e-15 , 0.0 , 0.0 , 0.0 , 0.0 , 0.0 , 0.0 , 0.0 , 0.0 , 0.0 , 1.0 , 0.0 , 0.0 , 0.0 , 0.0 , 1.0000000000000047 , 0.0 , 0.0 , 0.0 , 0.0 , 1.0 , 0.0 , 0.0 , 0.0 , 0.0 , 0.0 , 0.0 , 0.0 , 0.0 , 0.0 , 0.0 , 0.0 , 0.0 , 0.0 , 1.0 , 0.0 , 0.0 , 1.0 , 0.0 , 0.0 , 1.0 ,  
0.0 , 0.0 , 0.0 , 0.0 , 1.0 , 0.0 , 0.0 , 0.0 , 0.0 , 1.0 , 0.0 , 0.0 , 0.0 , 0.0 , 1.0 , 0.0 , 0.0 , 0.0 , 0.0 , -5.162537064507015e-15 , 0.0 , 0.0 , 0.0 , 0.0 , 0.0 , 0.0 , 0.0 , 0.0 , 0.0 , 1.0 , 0.0 , 0.0 , 0.0 , 0.0 , 1.0000000000000047 , 0.0 , 0.0 , 0.0 , 0.0 , 1.0 , 0.0 , 0.0 , 0.0 , 0.0 , 0.0 , 0.0 , 0.0 , 0.0 , 0.0 , 0.0 , 0.0 , 0.0 , 0.0 , 1.0 , 0.0 , 0.0 , 1.0 , 0.0 , 0.0 , 1.0 ,  
0.0 , 0.0 , 0.0 , 0.0 , 1.0 , 0.0 , 0.0 , 0.0 , 0.0 , 1.0 , 0.0 , 0.0 , 0.0 , 0.0 , 1.0 , 0.0 , 0.0 , 0.0 , 0.0 , -5.162537064507015e-15 , 0.0 , 0.0 , 0.0 , 0.0 , 0.0 , 0.0 , 0.0 , 0.0 , 0.0 , 1.0 , 0.0 , 0.0 , 0.0 , 0.0 , 1.0000000000000047 , 0.0 , 0.0 , 0.0 , 0.0 , 1.0 , 0.0 , 0.0 , 0.0 , 0.0 , 0.0 , 0.0 , 0.0 , 0.0 , 0.0 , 0.0 , 0.0 , 0.0 , 0.0 , 1.0 , 0.0 , 0.0 , 1.0 , 0.0 , 0.0 , 1.0 ,  
0.0 , 0.0 , 0.0 , 0.0 , 1.0 , 0.0 , 0.0 , 0.0 , 0.0 , 1.0 , 0.0 , 0.0 , 0.0 , 0.0 , 1.0 , 0.0 , 0.0 , 0.0 , 0.0 , -5.162537064507015e-15 , 0.0 , 0.0 , 0.0 , 0.0 , 0.0 , 0.0 , 0.0 , 0.0 , 0.0 , 1.0 , 0.0 , 0.0 , 0.0 , 0.0 , 1.0000000000000047 , 0.0 , 0.0 , 0.0 , 0.0 , 1.0 , 0.0 , 0.0 , 0.0 , 0.0 , 0.0 , 0.0 , 0.0 , 0.0 , 0.0 , 0.0 , 0.0 , 0.0 , 0.0 , 1.0 , 0.0 , 0.0 , 1.0 , 0.0 , 0.0 , 1.0 ,  
0.0 , 0.0 , 0.0 , 0.0 , 1.0 , 0.0 , 0.0 , 0.0 , 0.0 , 1.0 , 0.0 , 0.0 , 0.0 , 0.0 , 1.0 , 0.0 , 0.0 , 0.0 , 0.0 , -5.162537064507015e-15 , 0.0 , 0.0 , 0.0 , 0.0 , 0.0 , 0.0 , 0.0 , 0.0 , 0.0 , 1.0 , 0.0 , 0.0 , 0.0 , 0.0 , 1.0000000000000047 , 0.0 , 0.0 , 0.0 , 0.0 , 1.0 , 0.0 , 0.0 , 0.0 , 0.0 , 0.0 , 0.0 , 0.0 , 0.0 , 0.0 , 0.0 , 0.0 , 0.0 , 0.0 , 1.0 , 0.0 , 0.0 , 1.0 , 0.0 , 0.0 , 1.0 ,  
0.0 , 0.0 , 0.0 , 0.0 , 1.0 , 0.0 , 0.0 , 0.0 , 0.0 , 1.0 , 0.0 , 0.0 , 0.0 , 0.0 , 1.0 , 0.0 , 0.0 , 0.0 , 0.0 , -5.162537064507015e-15 , 0.0 , 0.0 , 0.0 , 0.0 , 0.0 , 0.0 , 0.0 , 0.0 , 0.0 , 1.0 , 0.0 , 0.0 , 0.0 , 0.0 , 1.0000000000000047 , 0.0 , 0.0 , 0.0 , 0.0 , 1.0 , 0.0 , 0.0 , 0.0 , 0.0 , 0.0 , 0.0 , 0.0 , 0.0 , 0.0 , 0.0 , 0.0 , 0.0 , 0.0 , 1.0 , 0.0 , 0.0 , 1.0 , 0.0 , 0.0 , 1.0 ,  
0.0 , 0.0 , 0.0 , 0.0 , 1.0 , 0.0 , 0.0 , 0.0 , 0.0 , 1.0 , 0.0 , 0.0 , 0.0 , 0.0 , 1.0 , 0.0 , 0.0 , 0.0 , 0.0 , -5.162537064507015e-15 , 0.0 , 0.0 , 0.0 , 0.0 , 0.0 , 0.0 , 0.0 , 0.0 , 0.0 , 1.0 , 0.0 , 0.0 , 0.0 , 0.0 , 1.0000000000000047 , 0.0 , 0.0 , 0.0 , 0.0 , 1.0 , 0.0 , 0.0 , 0.0 , 0.0 , 0.0 , 0.0 , 0.0 , 0.0 , 0.0 , 0.0 , 0.0 , 0.0 , 0.0 , 1.0 , 0.0 , 0.0 , 1.0 , 0.0 , 0.0 , 1.0 ,  
0.0 , 0.0 , 0.0 , 0.0 , 1.0 , 0.0 , 0.0 , 0.0 , 0.0 , 1.0 , 0.0 , 0.0 , 0.0 , 0.0 , 1.0 , 5.162537064507015e-15 , 0.0 , 0.0 , 0.0 , 0.0 , 0.0 , 0.0 , 0.0 , 0.0 , 0.0 , 0.0 , 0.0 , 0.0 , 0.0 , 1.0 , -4.6629367034256575e-15 , 0.0 , 0.0 , 0.0 , 1.0 , 0.0 , 0.0 , 0.0 , 0.0 , 1.0 , 0.0 , 0.0 , 0.0 , 0.0 , 0.0 , 0.0 , 0.0 , 0.0 , 0.0 , 0.0 , 0.0 , 0.0 , 0.0 , 1.0 , 0.0 , 0.0 , 1.0 , 0.0 , 0.0 , 1.0 ,  
0.0 , 0.0 , 0.0 , 0.0 , 1.0 , 0.0 , 0.0 , 0.0 , 0.0 , 1.0 , 0.0 , 0.0 , 0.0 , 0.0 , 1.0 , 0.0 , 0.0 , 0.0 , 0.0 , 0.0 , 1.0 , 0.0 , 0.0 , 0.0 , 1.0 , 0.0 , 0.0 , 0.0 , 0.0 , 1.0 , 0.0 , 0.0 , 0.0 , 0.0 , 1.0 , -0.0 , 0.0 , 0.0 , 0.0 , 1.0 , 0.0 , 0.0 , 0.0 , 0.0 , 0.0 , 0.0 , 0.0 , 0.0 , 0.0 , 0.0 , 0.0 , 0.0 , 0.0 , 1.0 , 0.0 , 0.0 , 1.0 , 0.0 , 0.0 , 1.0 ,  
0.0 , 0.0 , 0.0 , 0.0 , 1.0 , 0.0 , 0.0 , 0.0 , 0.0 , 1.0 , 0.0 , 0.0 , 0.0 , 0.0 , 1.0 , 0.0 , 0.0 , 0.0 , 0.0 , 0.0 , 0.0 , 0.0 , 0.0 , 0.0 , 1.0 , -0.0 , 0.0 , 0.0 , 0.0 , 1.0 , 0.0 , 0.0 , 0.0 , 0.0 , 1.0 , 0.0 , 0.0 , 0.0 , 0.0 , 1.0 , 0.0 , 0.0 , 0.0 , 0.0 , 0.0 , 0.0 , 0.0 , 0.0 , 0.0 , 0.0 , 0.0 , 0.0 , 0.0 , 1.0 , 0.0 , 0.0 , 1.0 , 0.0 , 0.0 , 1.0 ,  
0.0 , 0.0 , 0.0 , 0.0 , 1.0 , 0.0 , 0.0 , 0.0 , 0.0 , 1.0 , 0.0 , 0.0 , 0.0 , 0.0 , 1.0 , 0.0 , 0.0 , 0.0 , 0.0 , 0.0 , 0.0 , 0.0 , 0.0 , 0.0 , 1.0 , 0.0 , 0.0 , 0.0 , 0.0 , 1.0 , 0.0 , 0.0 , 0.0 , 0.0 , 1.0 , 0.0 , 0.0 , 0.0 , 0.0 , 1.0 , 0.0 , 0.0 , 0.0 , 0.0 , 0.0 , 0.0 , 0.0 , 0.0 , 0.0 , 0.0 , 0.0 , 0.0 , 0.0 , 1.0 , 0.0 , 0.0 , 1.0 , 0.0 , 0.0 , 1.0 ,  
0.0 , 0.0 , 0.0 , 0.0 , 1.0 , 0.0 , 0.0 , 0.0 , 0.0 , 1.0 , 0.0 , 0.0 , 0.0 , 0.0 , 1.0 , 0.0 , 0.0 , 0.0 , 0.0 , 0.0 , 0.0 , 0.0 , 0.0 , 0.0 , 1.0 , 0.0 , 0.0 , 0.0 , 0.0 , 1.0 , 0.0 , 0.0 , 0.0 , 0.0 , 1.0 , 0.0 , 0.0 , 0.0 , 0.0 , 1.0 , 0.0 , 0.0 , 0.0 , 0.0 , 0.0 , 0.0 , 0.0 , 0.0 , 0.0 , 0.0 , 0.0 , 0.0 , 0.0 , 1.0 , 0.0 , 0.0 , 1.0 , 0.0 , 0.0 , 1.0 ,  
0.0 , 0.0 , 0.0 , 0.0 , 1.0 , 0.0 , 0.0 , 0.0 , 0.0 , 1.0 , 0.0 , 0.0 , 0.0 , 0.0 , 1.0 , 0.0 , 0.0 , 0.0 , 0.0 , 0.0 , 0.0 , 0.0 , 0.0 , 0.0 , 1.0 , 0.0 , 0.0 , 0.0 , 0.0 , 1.0 , 0.0 , 0.0 , 0.0 , 0.0 , 1.0 , 0.0 , 0.0 , 0.0 , 0.0 , 1.0 , 0.0 , 0.0 , 0.0 , 0.0 , 0.0 , 0.0 , 0.0 , 0.0 , 0.0 , 0.0 , 0.0 , 0.0 , 0.0 , 1.0 , 0.0 , 0.0 , 1.0 , 0.0 , 0.0 , 1.0 ,  
0.0 , 0.0 , 0.0 , 0.0 , 1.0 , 0.0 , 0.0 , 0.0 , 0.0 , 1.0 , 0.0 , 0.0 , 0.0 , 0.0 , 1.0 , 0.0 , 0.0 , 0.0 , 0.0 , 0.0 , 0.0 , 0.0 , 0.0 , 0.0 , 1.0 , 0.0 , 0.0 , 0.0 , 0.0 , 1.0 , 0.0 , 0.0 , 0.0 , 0.0 , 1.0 , 0.0 , 0.0 , 0.0 , 0.0 , 1.0 , 0.0 , 0.0 , 0.0 , 0.0 , 0.0 , 0.0 , 0.0 , 0.0 , 0.0 , 0.0 , 0.0 , 0.0 , 0.0 , 1.0 , 0.0 , 0.0 , 1.0 , 0.0 , 0.0 , 1.0 ,  
0.0 , 0.0 , 0.0 , 0.0 , 1.0 , 0.0 , 0.0 , 0.0 , 0.0 , 1.0 , 0.0 , 0.0 , 0.0 , 0.0 , 1.0 , 0.0 , 0.0 , 0.0 , 0.0 , 0.0 , 0.0 , 0.0 , 0.0 , 0.0 , 1.0 , 0.0 , 0.0 , 0.0 , 0.0 , 1.0 , 0.0 , 0.0 , 0.0 , 0.0 , 1.0 , 0.0 , 0.0 , 0.0 , 0.0 , 1.0 , 0.0 , 0.0 , 0.0 , 0.0 , 0.0 , 0.0 , 0.0 , 0.0 , 0.0 , 0.0 , 0.0 , 0.0 , 0.0 , 1.0 , 0.0 , 0.0 , 1.0 , 0.0 , 0.0 , 1.0 ,  
0.0 , 0.0 , 0.0 , 0.0 , 1.0 , 0.0 , 0.0 , 0.0 , 0.0 , 1.0 , 0.0 , 0.0 , 0.0 , 0.0 , 1.0 , 0.0 , 0.0 , 0.0 , 0.0 , 0.0 , 0.0 , 0.0 , 0.0 , 0.0 , 1.0 , 0.0 , 0.0 , 0.0 , 0.0 , 1.0 , 0.0 , 0.0 , 0.0 , 0.0 , 1.0 , 0.0 , 0.0 , 0.0 , 0.0 , 1.0 , 0.0 , 0.0 , 0.0 , 0.0 , 0.0 , 0.0 , 0.0 , 0.0 , 0.0 , 0.0 , 0.0 , 0.0 , 0.0 , 1.0 , 0.0 , 0.0 , 1.0 , 0.0 , 0.0 , 1.0 ,  
0.0 , 0.0 , 0.0 , 0.0 , 1.0 , 0.0 , 0.0 , 0.0 , 0.0 , 1.0 , 0.0 , 0.0 , 0.0 , 0.0 , 1.0 , 0.0 , 0.0 , 0.0 , 0.0 , 0.0 , 0.0 , 0.0 , 0.0 , 0.0 , 1.0 , 0.0 , 0.0 , 0.0 , 0.0 , 1.0 , 0.0 , 0.0 , 0.0 , 0.0 , 1.0 , 0.0 , 0.0 , 0.0 , 0.0 , 1.0 , 0.0 , 0.0 , 0.0 , 0.0 , 0.0 , 0.0 , 0.0 , 0.0 , 0.0 , 0.0 , 0.0 , 0.0 , 0.0 , 1.0 , 0.0 , 0.0 , 1.0 , 0.0 , 0.0 , 1.0 ,  
0.0 , 0.0 , 0.0 , 0.0 , 1.0 , 0.0 , 0.0 , 0.0 , 0.0 , 1.0 , 0.0 , 0.0 , 0.0 , 0.0 , 1.0 , 0.0 , 0.0 , 0.0 , 0.0 , -0.0 , 0.0 , 0.0 , 0.0 , 0.0 , 1.0 , 0.0 , 0.0 , 0.0 , 0.0 , 1.0 , 0.0 , 0.0 , 0.0 , 0.0 , 1.0 , 0.0 , 0.0 , 0.0 , 0.0 , 1.0 , 0.0 , 0.0 , 0.0 , 0.0 , 0.0 , 0.0 , 0.0 , 0.0 , 0.0 , 0.0 , 0.0 , 0.0 , 0.0 , 1.0 , 0.0 , 0.0 , 1.0 , 0.0 , 0.0 , 1.0 ,  
0.0 , 0.0 , 0.0 , 0.0 , 1.0 , 0.0 , 0.0 , 0.0 , 0.0 , 1.0 , 0.0 , 0.0 , 0.0 , 0.0 , 1.0 , 0.0 , 0.0 , 0.0 , 0.0 , 0.0 , 0.0 , 0.0 , 0.0 , 0.0 , 1.0 , 0.0 , 0.0 , 0.0 , 0.0 , 1.0 , 0.0 , 0.0 , 0.0 , 0.0 , 1.0 , 0.0 , 0.0 , 0.0 , 0.0 , 1.0 , 0.0 , 0.0 , 0.0 , 0.0 , 0.0 , 0.0 , 0.0 , 0.0 , 0.0 , 0.0 , 0.0 , 0.0 , 0.0 , 1.0 , 0.0 , 0.0 , 1.0 , 0.0 , 0.0 , 1.0 ,  
0.0 , 0.0 , 0.0 , 0.0 , 1.0 , 0.0 , 0.0 , 0.0 , 0.0 , 1.0 , 0.0 , 0.0 , 0.0 , 0.0 , 1.0 , 1.0 , 0.0 , 0.0 , 0.0 , 1.0 , 0.0 , 0.0 , 0.0 , 0.0 , 1.0 , 0.0 , 0.0 , 0.0 , 0.0 , 1.0 , 0.0 , 0.0 , 0.0 , 0.0 , 1.0 , 0.0 , 0.0 , 0.0 , 0.0 , 1.0 , 0.0 , 0.0 , 0.0 , 0.0 , 0.0 , 0.0 , 0.0 , 0.0 , 0.0 , 0.0 , 0.0 , 0.0 , 0.0 , 1.0 , 0.0 , 0.0 , 1.0 , 0.0 , 0.0 , 1.0 ,  
0.0 , 0.0 , 0.0 , 0.0 , 1.0 , 0.0 , 0.0 , 0.0 , 0.0 , 1.0 , 0.0 , 0.0 , 0.0 , 0.0 , 1.0 , 0.0 , 0.0 , 0.0 , 0.0 , 1.0 , 0.0 , 0.0 , 0.0 , 0.0 , 1.0 , 0.0 , 0.0 , 0.0 , 0.0 , 1.0 , 0.0 , 0.0 , 0.0 , 0.0 , 1.0 , 0.0 , 0.0 , 0.0 , 0.0 , 1.0 , 0.0 , 0.0 , 0.0 , 0.0 , 0.0 , 0.0 , 0.0 , 0.0 , 0.0 , 0.0 , 0.0 , 0.0 , 0.0 , 1.0 , 0.0 , 0.0 , 1.0 , 0.0 , 0.0 , 1.0 ,  
0.0 , 0.0 , 0.0 , 0.0 , 1.0 , 0.0 , 0.0 , 0.0 , 0.0 , 1.0 , 0.0 , 0.0 , 0.0 , 0.0 , 1.0 , 0.0 , 0.0 , 0.0 , 0.0 , 1.0 , 0.0 , 0.0 , 0.0 , 0.0 , 1.0 , 0.0 , 0.0 , 0.0 , 0.0 , 1.0 , 0.0 , 0.0 , 0.0 , 0.0 , 1.0 , 0.0 , 0.0 , 0.0 , 0.0 , 1.0 , 0.0 , 0.0 , 0.0 , 0.0 , 0.0 , 0.0 , 0.0 , 0.0 , 0.0 , 0.0 , 0.0 , 0.0 , 0.0 , 1.0 , 0.0 , 0.0 , 1.0 , 0.0 , 0.0 , 1.0 ,  
0.0 , 0.0 , 0.0 , 0.0 , 1.0 , 0.0 , 0.0 , 0.0 , 0.0 , 1.0 , 0.0 , 0.0 , 0.0 , 0.0 , 1.0 , 0.0 , 0.0 , 0.0 , 0.0 , 1.0 , 0.0 , 0.0 , 0.0 , 0.0 , 1.0 , 0.0 , 0.0 , 0.0 , 0.0 , 1.0 , 0.0 , 0.0 , 0.0 , 0.0 , 1.0 , 0.0 , 0.0 , 0.0 , 0.0 , 1.0 , 0.0 , 0.0 , 0.0 , 0.0 , 0.0 , 0.0 , 0.0 , 0.0 , 0.0 , 0.0 , 0.0 , 0.0 , 0.0 , 1.0 , 0.0 , 0.0 , 1.0 , 0.0 , 0.0 , 1.0 ,  
0.0 , 0.0 , 0.0 , 0.0 , 1.0 , 0.0 , 0.0 , 0.0 , 0.0 , 1.0 , 0.0 , 0.0 , 0.0 , 0.0 , 1.0 , 0.0 , 0.0 , 0.0 , 0.0 , 1.0 , 0.0 , 0.0 , 0.0 , 0.0 , 1.0 , 0.0 , 0.0 , 0.0 , 0.0 , 1.0 , 0.0 , 0.0 , 0.0 , 0.0 , 1.0 , 0.0 , 0.0 , 0.0 , 0.0 , 1.0 , 0.0 , 0.0 , 0.0 , 0.0 , 0.0 , 0.0 , 0.0 , 0.0 , 0.0 , 0.0 , 0.0 , 0.0 , 0.0 , 1.0 , 0.0 , 0.0 , 1.0 , 0.0 , 0.0 , 1.0 ,  
0.0 , 0.0 , 0.0 , 0.0 , 1.0 , 0.0 , 0.0 , 0.0 , 0.0 , 1.0 , 0.0 , 0.0 , 0.0 , 0.0 , 1.0 , 0.0 , 0.0 , 0.0 , 0.0 , 1.0 , 0.0 , 0.0 , 0.0 , 0.0 , 1.0 , 0.0 , 0.0 , 0.0 , 0.0 , 1.0 , 0.0 , 0.0 , 0.0 , 0.0 , 1.0 , 0.0 , 0.0 , 0.0 , 0.0 , 1.0 , 0.0 , 0.0 , 0.0 , 0.0 , 0.0 , 0.0 , 0.0 , 0.0 , 0.0 , 0.0 , 0.0 , 0.0 , 0.0 , 1.0 , 0.0 , 0.0 , 1.0 , 0.0 , 0.0 , 1.0 ,  
0.0 , 0.0 , 0.0 , 0.0 , 1.0 , 0.0 , 0.0 , 0.0 , 0.0 , 1.0 , 0.0 , 0.0 , 0.0 , 0.0 , 1.0 , 0.0 , 0.0 , 0.0 , 0.0 , 1.0 , 0.0 , 0.0 , 0.0 , 0.0 , 1.0 , 0.0 , 0.0 , 0.0 , 0.0 , 1.0 , 0.0 , 0.0 , 0.0 , 0.0 , 1.0 , 0.0 , 0.0 , 0.0 , 0.0 , 1.0 , 0.0 , 0.0 , 0.0 , 0.0 , 0.0 , 0.0 , 0.0 , 0.0 , 0.0 , 0.0 , 0.0 , 0.0 , 0.0 , 1.0 , 0.0 , 0.0 , 1.0 , 0.0 , 0.0 , 1.0 ,  
0.0 , 0.0 , 0.0 , 0.0 , 1.0 , 0.0 , 0.0 , 0.0 , 0.0 , 1.0 , 0.0 , 0.0 , 0.0 , 0.0 , 1.0 , 0.0 , 0.0 , 0.0 , 0.0 , 1.0 , 0.0 , 0.0 , 0.0 , 0.0 , 1.0 , 0.0 , 0.0 , 0.0 , 0.0 , 1.0 , 0.0 , 0.0 , 0.0 , 0.0 , 1.0 , 0.0 , 0.0 , 0.0 , 0.0 , 1.0 , 0.0 , 0.0 , 0.0 , 0.0 , 0.0 , 0.0 , 0.0 , 0.0 , 0.0 , 0.0 , 0.0 , 0.0 , 0.0 , 1.0 , 0.0 , 0.0 , 1.0 , 0.0 , 0.0 , 1.0 ,  
0.0 , 0.0 , 0.0 , 0.0 , 1.0 , 0.0 , 0.0 , 0.0 , 0.0 , 1.0 , 0.0 , 0.0 , 0.0 , 0.0 , 1.0 , 0.0 , 0.0 , 0.0 , 0.0 , 1.0 , 0.0 , 0.0 , 0.0 , 0.0 , 1.0 , 0.0 , 0.0 , 0.0 , 0.0 , 1.0 , 0.0 , 0.0 , 0.0 , 0.0 , 1.0 , 0.0 , 0.0 , 0.0 , 0.0 , 1.0 , 0.0 , 0.0 , 0.0 , 0.0 , 0.0 , 0.0 , 0.0 , 0.0 , 0.0 , 0.0 , 0.0 , 0.0 , 0.0 , 1.0 , 0.0 , 0.0 , 1.0 , 0.0 , 0.0 , 1.0 ,  
0.0 , 0.0 , 0.0 , 0.0 , 1.0 , 0.0 , 0.0 , 0.0 , 0.0 , 1.0 , 0.0 , 0.0 , 0.0 , 0.0 , 1.0 , 0.0 , 0.0 , 0.0 , 0.0 , 1.0 , 0.0 , 0.0 , 0.0 , 0.0 , 1.0 , 0.0 , 0.0 , 0.0 , 0.0 , 1.0 , 0.0 , 0.0 , 0.0 , 0.0 , 1.0 , 0.0 , 0.0 , 0.0 , 0.0 , 1.0 , 0.0 , 0.0 , 0.0 , 0.0 , 0.0 , 0.0 , 0.0 , 0.0 , 0.0 , 0.0 , 0.0 , 0.0 , 0.0 , 1.0 , 0.0 , 0.0 , 1.0 , 0.0 , 0.0 , 1.0 ,  
0.0 , 0.0 , 0.0 , 0.0 , 1.0 , 0.0 , 0.0 , 0.0 , 0.0 , 1.0 , 0.0 , 0.0 , 0.0 , 0.0 , 1.0 , 0.0 , 0.0 , 0.0 , 0.0 , 1.0 , 0.0 , 0.0 , 0.0 , 0.0 , 1.0 , 0.0 , 0.0 , 0.0 , 0.0 , 1.0 , 0.0 , 0.0 , 0.0 , 0.0 , 1.0 , 0.0 , 0.0 , 0.0 , 0.0 , 1.0 , 0.0 , 0.0 , 0.0 , 0.0 , 0.0 , 0.0 , 0.0 , 0.0 , 0.0 , 0.0 , 0.0 , 0.0 , 0.0 , 1.0 , 0.0 , 0.0 , 1.0 , 0.0 , 0.0 , 1.0 ,  
0.0 , 0.0 , 0.0 , 0.0 , 1.0 , 0.0 , 0.0 , 0.0 , 0.0 , 1.0 , 0.0 , 0.0 , 0.0 , 0.0 , 1.0 , 0.0 , 0.0 , 0.0 , 0.0 , 1.0 , 0.0 , 0.0 , 0.0 , 0.0 , 1.0 , 0.0 , 0.0 , 0.0 , 0.0 , 1.0 , 0.0 , 0.0 , 0.0 , 0.0 , 1.0 , 0.0 , 0.0 , 0.0 , 0.0 , 1.0 , 0.0 , 0.0 , 0.0 , 0.0 , 0.0 , 0.0 , 0.0 , 0.0 , 0.0 , 0.0 , 0.0 , 0.0 , 0.0 , 1.0 , 0.0 , 0.0 , 1.0 , 0.0 , 0.0 , 1.0 ,  
0.0 , 0.0 , 0.0 , 0.0 , 1.0 , 0.0 , 0.0 , 0.0 , 0.0 , 1.0 , 0.0 , 0.0 , 0.0 , 0.0 , 1.0 , 0.0 , 0.0 , 0.0 , 0.0 , 1.0 , 0.0 , 0.0 , 0.0 , 0.0 , 1.0 , 0.0 , 0.0 , 0.0 , 0.0 , 1.0 , 0.0 , 0.0 , 0.0 , 0.0 , 1.0 , 0.0 , 0.0 , 0.0 , 0.0 , 1.0 , 0.0 , 0.0 , 0.0 , 0.0 , 0.0 , 0.0 , 0.0 , 0.0 , 0.0 , 0.0 , 0.0 , 0.0 , 0.0 , 1.0 , 0.0 , 0.0 , 1.0 , 0.0 , 0.0 , 1.0 ,  
0.0 , 0.0 , 0.0 , 0.0 , 1.0 , 0.0 , 0.0 , 0.0 , 0.0 , 1.0 , 0.0 , 0.0 , 0.0 , 0.0 , 1.0 , 0.0 , 0.0 , 0.0 , 0.0 , 1.0 , 0.0 , 0.0 , 0.0 , 0.0 , 1.0 , 0.0 , 0.0 , 0.0 , 0.0 , 1.0 , 0.0 , 0.0 , 0.0 , 0.0 , 1.0 , 0.0 , 0.0 , 0.0 , 0.0 , 1.0 , 0.0 , 0.0 , 0.0 , 0.0 , 0.0 , 0.0 , 0.0 , 0.0 , 0.0 , 0.0 , 0.0 , 0.0 , 0.0 , 1.0 , 0.0 , 0.0 , 1.0 , 0.0 , 0.0 , 1.0 ,  
0.0 , 0.0 , 0.0 , 0.0 , 1.0 , 0.0 , 0.0 , 0.0 , 0.0 , 1.0 , 0.0 , 0.0 , 0.0 , 0.0 , 1.0 , 0.0 , 0.0 , 0.0 , 0.0 , 1.0 , 0.0 , 0.0 , 0.0 , 0.0 , 1.0 , 0.0 , 0.0 , 0.0 , 0.0 , 1.0 , 0.0 , 0.0 , 0.0 , 0.0 , 1.0 , 0.0 , 0.0 , 0.0 , 0.0 , 1.0 , 0.0 , 0.0 , 0.0 , 0.0 , 0.0 , 0.0 , 0.0 , 0.0 , 0.0 , 0.0 , 0.0 , 0.0 , 0.0 , 1.0 , 0.0 , 0.0 , 1.0 , 0.0 , 0.0 , 1.0 ,  
0.0 , 0.0 , 0.0 , 0.0 , 1.0 , 0.0 , 0.0 , 0.0 , 0.0 , 1.0 , 0.0 , 0.0 , 0.0 , 0.0 , 1.0 , 0.0 , 0.0 , 0.0 , 0.0 , 1.0 , 0.0 , 0.0 , 0.0 , 0.0 , 1.0 , 0.0 , 0.0 , 0.0 , 0.0 , 1.0 , 0.0 , 0.0 , 0.0 , 0.0 , 1.0 , 0.0 , 0.0 , 0.0 , 0.0 , 1.0 , 0.0 , 0.0 , 0.0 , 0.0 , 0.0 , 0.0 , 0.0 , 0.0 , 0.0 , 0.0 , 0.0 , 0.0 , 0.0 , 1.0 , 0.0 , 0.0 , 1.0 , 0.0 , 0.0 , 1.0 ,  
0.0 , 0.0 , 0.0 , 0.0 , 1.0 , 0.0 , 0.0 , 0.0 , 0.0 , 1.0 , 0.0 , 0.0 , 0.0 , 0.0 , 1.0 , 0.0 , 0.0 , 0.0 , 0.0 , 1.0 , 0.0 , 0.0 , 0.0 , 0.0 , 1.0 , 0.0 , 0.0 , 0.0 , 0.0 , 1.0 , 0.0 , 0.0 , 0.0 , 0.0 , 1.0 , 0.0 , 0.0 , 0.0 , 0.0 , 1.0 , 0.0 , 0.0 , 0.0 , 0.0 , 0.0 , 0.0 , 0.0 , 0.0 , 0.0 , 0.0 , 0.0 , 0.0 , 0.0 , 1.0 , 0.0 , 0.0 , 1.0 , 0.0 , 0.0 , 1.0 ,  
0.0 , 0.0 , 0.0 , 0.0 , 1.0 , 0.0 , 0.0 , 0.0 , 0.0 , 1.0 , 0.0 , 0.0 , 0.0 , 0.0 , 1.0 , 0.0 , 0.0 , 0.0 , 0.0 , 1.0 , 0.0 , 0.0 , 0.0 , 0.0 , 1.0 , 0.0 , 0.0 , 0.0 , 0.0 , 1.0 , 0.0 , 0.0 , 0.0 , 0.0 , 1.0 , 0.0 , 0.0 , 0.0 , 0.0 , 1.0 , 0.0 , 0.0 , 0.0 , 0.0 , 0.0 , 0.0 , 0.0 , 0.0 , 0.0 , 0.0 , 0.0 , 0.0 , 0.0 , 1.0 , 0.0 , 0.0 , 1.0 , 0.0 , 0.0 , 1.0 ,  
0.0 , 0.0 , 0.0 , 0.0 , 1.0 , 0.0 , 0.0 , 0.0 , 0.0 , 1.0 , 0.0 , 0.0 , 0.0 , 0.0 , 1.0 , 0.0 , 0.0 , 0.0 , 0.0 , 1.0 , 0.0 , 0.0 , 0.0 , 0.0 , 1.0 , 0.0 , 0.0 , 0.0 , 0.0 , 1.0 , 0.0 , 0.0 , 0.0 , 0.0 , 1.0 , 0.0 , 0.0 , 0.0 , 0.0 , 1.0 , 0.0 , 0.0 , 0.0 , 0.0 , 0.0 , 0.0 , 0.0 , 0.0 , 0.0 , 0.0 , 0.0 , 0.0 , 0.0 , 1.0 , 0.0 , 0.0 , 1.0 , 0.0 , 0.0 , 1.0 ,  
0.0 , 0.0 , 0.0 , 0.0 , 1.0 , 0.0 , 0.0 , 0.0 , 0.0 , 1.0 , 0.0 , 0.0 , 0.0 , 0.0 , 1.0 , 0.0 , 0.0 , 0.0 , 0.0 , 1.0 , 0.0 , 0.0 , 0.0 , 0.0 , 1.0 , 0.0 , 0.0 , 0.0 , 0.0 , 1.0 , 0.0 , 0.0 , 0.0 , 0.0 , 1.0 , 0.0 , 0.0 , 0.0 , 0.0 , 1.0 , 0.0 , 0.0 , 0.0 , 0.0 , 0.0 , 0.0 , 0.0 , 0.0 , 0.0 , 0.0 , 0.0 , 0.0 , 0.0 , 1.0 , 0.0 , 0.0 , 1.0 , 0.0 , 0.0 , 1.0 ,  
0.0 , 0.0 , 0.0 , 0.0 , 1.0 , 0.0 , 0.0 , 0.0 , 0.0 , 1.0 , 0.0 , 0.0 , 0.0 , 0.0 , 1.0 , 0.0 , 0.0 , 0.0 , 0.0 , 1.0 , 0.0 , 0.0 , 0.0 , 0.0 , 1.0 , 0.0 , 0.0 , 0.0 , 0.0 , 1.0 , 0.0 , 0.0 , 0.0 , 0.0 , 1.0 , 0.0 , 0.0 , 0.0 , 0.0 , 1.0 , 0.0 , 0.0 , 0.0 , 0.0 , 0.0 , 0.0 , 0.0 , 0.0 , 0.0 , 0.0 , 0.0 , 0.0 , 0.0 , 1.0 , 0.0 , 0.0 , 1.0 , 0.0 , 0.0 , 1.0 ,  
0.0 , 0.0 , 0.0 , 0.0 , 1.0 , 0.0 , 0.0 , 0.0 , 0.0 , 1.0 , 0.0 , 0.0 , 0.0 , 0.0 , 1.0 , 0.0 , 0.0 , 0.0 , 0.0 , 1.0 , 0.0 , 0.0 , 0.0 , 0.0 , 1.0 , 0.0 , 0.0 , 0.0 , 0.0 , 1.0 , 0.0 , 0.0 , 0.0 , 0.0 , 1.0 , 0.0 , 0.0 , 0.0 , 0.0 , 1.0 , 0.0 , 0.0 , 0.0 , 0.0 , 0.0 , 0.0 , 0.0 , 0.0 , 0.0 , 0.0 , 0.0 , 0.0 , 0.0 , 1.0 , 0.0 , 0.0 , 1.0 , 0.0 , 0.0 , 1.0 ,  
0.0 , 0.0 , 0.0 , 0.0 , 1.0 , 0.0 , 0.0 , 0.0 , 0.0 , 1.0 , 0.0 , 0.0 , 0.0 , 0.0 , 1.0 , 0.0 , 0.0 , 0.0 , 0.0 , 1.0 , 0.0 , 0.0 , 0.0 , 0.0 , 1.0 , 0.0 , 0.0 , 0.0 , 0.0 , 1.0 , 0.0 , 0.0 , 0.0 , 0.0 , 1.0 , 0.0 , 0.0 , 0.0 , 0.0 , 1.0 , 0.0 , 0.0 , 0.0 , 0.0 , 0.0 , 0.0 , 0.0 , 0.0 , 0.0 , 0.0 , 0.0 , 0.0 , 0.0 , 1.0 , 0.0 , 0.0 , 1.0 , 0.0 , 0.0 , 1.0 ,  
0.0 , 0.0 , 0.0 , 0.0 , 1.0 , 0.0 , 0.0 , 0.0 , 0.0 , 1.0 , 0.0 , 0.0 , 0.0 , 0.0 , 1.0 , 0.0 , 0.0 , 0.0 , 0.0 , 1.0 , 0.0 , 0.0 , 0.0 , 0.0 , 1.0 , 0.0 , 0.0 , 0.0 , 0.0 , 1.0 , 0.0 , 0.0 , 0.0 , 0.0 , 1.0 , 0.0 , 0.0 , 0.0 , 0.0 , 1.0 , 0.0 , 0.0 , 0.0 , 0.0 , 0.0 , 0.0 , 0.0 , 0.0 , 0.0 , 0.0 , 0.0 , 0.0 , 0.0 , 1.0 , 0.0 , 0.0 , 1.0 , 0.0 , 0.0 , 1.0 ,  
0.0 , 0.0 , 0.0 , 0.0 , 1.0 , 0.0 , 0.0 , 0.0 , 0.0 , 1.0 , 0.0 , 0.0 , 0.0 , 0.0 , 1.0 , 0.0 , 0.0 , 0.0 , 0.0 , 1.0 , 0.0 , 0.0 , 0.0 , 0.0 , 1.0 , 0.0 , 0.0 , 0.0 , 0.0 , 1.0 , 0.0 , 0.0 , 0.0 , 0.0 , 1.0 , 0.0 , 0.0 , 0.0 , 0.0 , 1.0 , 0.0 , 0.0 , 0.0 , 0.0 , 0.0 , 0.0 , 0.0 , 0.0 , 0.0 , 0.0 , 0.0 , 0.0 , 0.0 , 1.0 , 0.0 , 0.0 , 1.0 , 0.0 , 0.0 , 1.0 ,  
0.0 , 0.0 , 0.0 , 0.0 , 1.0 , 0.0 , 0.0 , 0.0 , 0.0 , 1.0 , 0.0 , 0.0 , 0.0 , 0.0 , 1.0 , 0.0 , 0.0 , 0.0 , 0.0 , 1.0 , 0.0 , 0.0 , 0.0 , 0.0 , 1.0 , 0.0 , 0.0 , 0.0 , 0.0 , 1.0 , 0.0 , 0.0 , 0.0 , 0.0 , 1.0 , 0.0 , 0.0 , 0.0 , 0.0 , 1.0 , 0.0 , 0.0 , 0.0 , 0.0 , 0.0 , 0.0 , 0.0 , 0.0 , 0.0 , 0.0 , 0.0 , 0.0 , 0.0 , 1.0 , 0.0 , 0.0 , 1.0 , 0.0 , 0.0 , 1.0 ,  
0.0 , 0.0 , 0.0 , 0.0 , 1.0 , 0.0 , 0.0 , 0.0 , 0.0 , 1.0 , 0.0 , 0.0 , 0.0 , 0.0 , 1.0 , 0.0 , 0.0 , 0.0 , 0.0 , 1.0 , 0.0 , 0.0 , 0.0 , 0.0 , 1.0 , 0.0 , 0.0 , 0.0 , 0.0 , 1.0 , 0.0 , 0.0 , 0.0 , 0.0 , 1.0 , 0.0 , 0.0 , 0.0 , 0.0 , 1.0 , 0.0 , 0.0 , 0.0 , 0.0 , 0.0 , 0.0 , 0.0 , 0.0 , 0.0 , 0.0 , 0.0 , 0.0 , 0.0 , 1.0 , 0.0 , 0.0 , 1.0 , 0.0 , 0.0 , 1.0 ,  
0.0 , 0.0 , 0.0 , 0.0 , 1.0 , 0.0 , 0.0 , 0.0 , 0.0 , 1.0 , 0.0 , 0.0 , 0.0 , 0.0 , 1.0 , 0.0 , 0.0 , 0.0 , 0.0 , 1.0 , 0.0 , 0.0 , 0.0 , 0.0 , 1.0 , 0.0 , 0.0 , 0.0 , 0.0 , 1.0 , 0.0 , 0.0 , 0.0 , 0.0 , 1.0 , 0.0 , 0.0 , 0.0 , 0.0 , 1.0 , 0.0 , 0.0 , 0.0 , 0.0 , 0.0 , 0.0 , 0.0 , 0.0 , 0.0 , 0.0 , 0.0 , 0.0 , 0.0 , 1.0 , 0.0 , 0.0 , 1.0 , 0.0 , 0.0 , 1.0 ,  
0.0 , 0.0 , 0.0 , 0.0 , 1.0 , 0.0 , 0.0 , 0.0 , 0.0 , 1.0 , 0.0 , 0.0 , 0.0 , 0.0 , 1.0 , 0.0 , 0.0 , 0.0 , 0.0 , 1.0 , 0.0 , 0.0 , 0.0 , 0.0 , 1.0 , 0.0 , 0.0 , 0.0 , 0.0 , 1.0 , 0.0 , 0.0 , 0.0 , 0.0 , 1.0 , 0.0 , 0.0 , 0.0 , 0.0 , 1.0 , 0.0 , 0.0 , 0.0 , 0.0 , 0.0 , 0.0 , 0.0 , 0.0 , 0.0 , 0.0 , 0.0 , 0.0 , 0.0 , 1.0 , 0.0 , 0.0 , 1.0 , 0.0 , 0.0 , 1.0 ,  
0.0 , 0.0 , 0.0 , 0.0 , 1.0 , 0.0 , 0.0 , 0.0 , 0.0 , 1.0 , 0.0 , 0.0 , 0.0 , 0.0 , 1.0 , 0.0 , 0.0 , 0.0 , 0.0 , 1.0 , 0.0 , 0.0 , 0.0 , 0.0 , 1.0 , 0.0 , 0.0 , 0.0 , 0.0 , 1.0 , 0.0 , 0.0 , 0.0 , 0.0 , 1.0 , 0.0 , 0.0 , 0.0 , 0.0 , 1.0 , 0.0 , 0.0 , 0.0 , 0.0 , 0.0 , 0.0 , 0.0 , 0.0 , 0.0 , 0.0 , 0.0 , 0.0 , 0.0 , 1.0 , 0.0 , 0.0 , 1.0 , 0.0 , 0.0 , 1.0 ,  
0.0 , 0.0 , 0.0 , 0.0 , 1.0 , 0.0 , 0.0 , 0.0 , 0.0 , 1.0 , 0.0 , 0.0 , 0.0 , 0.0 , 1.0 , 0.0 , 0.0 , 0.0 , 0.0 , 1.0 , 0.0 , 0.0 , 0.0 , 0.0 , 1.0 , 0.0 , 0.0 , 0.0 , 0.0 , 1.0 , 0.0 , 0.0 , 0.0 , 0.0 , 1.0 , 0.0 , 0.0 , 0.0 , 0.0 , 1.0 , 0.0 , 0.0 , 0.0 , 0.0 , 0.0 , 0.0 , 0.0 , 0.0 , 0.0 , 0.0 , 0.0 , 0.0 , 0.0 , 1.0 , 0.0 , 0.0 , 1.0 , 0.0 , 0.0 , 1.0 ,  
0.0 , 0.0 , 0.0 , 0.0 , 1.0 , 0.0 , 0.0 , 0.0 , 0.0 , 1.0 , 0.0 , 0.0 , 0.0 , 0.0 , 1.0 , 0.0 , 0.0 , 0.0 , 0.0 , 1.0 , 0.0 , 0.0 , 0.0 , 0.0 , 1.0 , 0.0 , 0.0 , 0.0 , 0.0 , 1.0 , 0.0 , 0.0 , 0.0 , 0.0 , 1.0 , 0.0 , 0.0 , 0.0 , 0.0 , 1.0 , 0.0 , 0.0 , 0.0 , 0.0 , 0.0 , 0.0 , 0.0 , 0.0 , 0.0 , 0.0 , 0.0 , 0.0 , 0.0 , 1.0 , 0.0 , 0.0 , 1.0 , 0.0 , 0.0 , 1.0 ,  
0.0 , 0.0 , 0.0 , 0.0 , 1.0 , 0.0 , 0.0 , 0.0 , 0.0 , 1.0 , 0.0 , 0.0 , 0.0 , 0.0 , 1.0 , 0.0 , 0.0 , 0.0 , 0.0 , 1.0 , 0.0 , 0.0 , 0.0 , 0.0 , 1.0 , 0.0 , 0.0 , 0.0 , 0.0 , 1.0 , 0.0 , 0.0 , 0.0 , 0.0 , 1.0 , 0.0 , 0.0 , 0.0 , 0.0 , 1.0 , 0.0 , 0.0 , 0.0 , 0.0 , 0.0 , 0.0 , 0.0 , 0.0 , 0.0 , 0.0 , 0.0 , 0.0 , 0.0 , 1.0 , 0.0 , 0.0 , 1.0 , 0.0 , 0.0 , 1.0 ,  
0.0 , 0.0 , 0.0 , 0.0 , 1.0 , 0.0 , 0.0 , 0.0 , 0.0 , 1.0 , 0.0 , 0.0 , 0.0 , 0.0 , 1.0 , 0.0 , 0.0 , 0.0 , 0.0 , 1.0 , 0.0 , 0.0 , 0.0 , 0.0 , 1.0 , 0.0 , 0.0 , 0.0 , 0.0 , 1.0 , 0.0 , 0.0 , 0.0 , 0.0 , 1.0 , 0.0 , 0.0 , 0.0 , 0.0 , 1.0 , 0.0 , 0.0 , 0.0 , 0.0 , 0.0 , 0.0 , 0.0 , 0.0 , 0.0 , 0.0 , 0.0 , 0.0 , 0.0 , 1.0 , 0.0 , 0.0 , 1.0 , 0.0 , 0.0 , 1.0 ,  
0.0 , 0.0 , 0.0 , 0.0 , 1.0 , 0.0 , 0.0 , 0.0 , 0.0 , 1.0 , 0.0 , 0.0 , 0.0 , 0.0 , 1.0 , 0.0 , 0.0 , 0.0 , 0.0 , 1.0 , 0.0 , 0.0 , 0.0 , 0.0 , 1.0 , 0.0 , 0.0 , 0.0 , 0.0 , 1.0 , 0.0 , 0.0 , 0.0 , 0.0 , 1.0 , 0.0 , 0.0 , 0.0 , 0.0 , 1.0 , 0.0 , 0.0 , 0.0 , 0.0 , 0.0 , 0.0 , 0.0 , 0.0 , 0.0 , 0.0 , 0.0 , 0.0 , 0.0 , 1.0 , 0.0 , 0.0 , 1.0 , 0.0 , 0.0 , 1.0 ,  
0.0 , 0.0 , 0.0 , 0.0 , 1.0 , 0.0 , 0.0 , 0.0 , 0.0 , 1.0 , 0.0 , 0.0 , 0.0 , 0.0 , 1.0 , 0.0 , 0.0 , 0.0 , 0.0 , 1.0 , 0.0 , 0.0 , 0.0 , 0.0 , 1.0 , 0.0 , 0.0 , 0.0 , 0.0 , 1.0 , 0.0 , 0.0 , 0.0 , 0.0 , 1.0 , 0.0 , 0.0 , 0.0 , 0.0 , 1.0 , 0.0 , 0.0 , 0.0 , 0.0 , 0.0 , 0.0 , 0.0 , 0.0 , 0.0 , 0.0 , 0.0 , 0.0 , 0.0 , 1.0 , 0.0 , 0.0 , 1.0 , 0.0 , 0.0 , 1.0 ,  
0.0 , 0.0 , 0.0 , 0.0 , 1.0 , 0.0 , 0.0 , 0.0 , 0.0 , 1.0 , 0.0 , 0.0 , 0.0 , 0.0 , 1.0 , 0.0 , 0.0 , 0.0 , 0.0 , 1.0 , 0.0 , 0.0 , 0.0 , 0.0 , 1.0 , 0.0 , 0.0 , 0.0 , 0.0 , 1.0 , 0.0 , 0.0 , 0.0 , 0.0 , 1.0 , 0.0 , 0.0 , 0.0 , 0.0 , 1.0 , 0.0 , 0.0 , 0.0 , 0.0 , 0.0 , 0.0 , 0.0 , 0.0 , 0.0 , 0.0 , 0.0 , 0.0 , 0.0 , 1.0 , 0.0 , 0.0 , 1.0 , 0.0 , 0.0 , 1.0 ,  
0.0 , 0.0 , 0.0 , 0.0 , 1.0 , 0.0 , 0.0 , 0.0 , 0.0 , 1.0 , 0.0 , 0.0 , 0.0 , 0.0 , 1.0 , 0.0 , 0.0 , 0.0 , 0.0 , 1.0 , 0.0 , 0.0 , 0.0 , 0.0 , 1.0 , 0.0 , 0.0 , 0.0 , 0.0 , 1.0 , 0.0 , 0.0 , 0.0 , 0.0 , 1.0 , 0.0 , 0.0 , 0.0 , 0.0 , 1.0 , 0.0 , 0.0 , 0.0 , 0.0 , 0.0 , 0.0 , 0.0 , 0.0 , 0.0 , 0.0 , 0.0 , 0.0 , 0.0 , 1.0 , 0.0 , 0.0 , 1.0 , 0.0 , 0.0 , 1.0 ,  
0.0 , 0.0 , 0.0 , 0.0 , 1.0 , 0.0 , 0.0 , 0.0 , 0.0 , 1.0 , 0.0 , 0.0 , 0.0 , 0.0 , 1.0 , 0.0 , 0.0 , 0.0 , 0.0 , 1.0 , 0.0 , 0.0 , 0.0 , 0.0 , 1.0 , 0.0 , 0.0 , 0.0 , 0.0 , 1.0 , 0.0 , 0.0 , 0.0 , 0.0 , 1.0 , 0.0 , 0.0 , 0.0 , 0.0 , 1.0 , 0.0 , 0.0 , 0.0 , 0.0 , 0.0 , 0.0 , 0.0 , 0.0 , 0.0 , 0.0 , 0.0 , 0.0 , 0.0 , 1.0 , 0.0 , 0.0 , 1.0 , 0.0 , 0.0 , 1.0 ,  
0.0 , 0.0 , 0.0 , 0.0 , 1.0 , 0.0 , 0.0 , 0.0 , 0.0 , 1.0 , 0.0 , 0.0 , 0.0 , 0.0 , 1.0 , 0.0 , 0.0 , 0.0 , 0.0 , 1.0 , 0.0 , 0.0 , 0.0 , 0.0 , 1.0 , 0.0 , 0.0 , 0.0 , 0.0 , 1.0 , 0.0 , 0.0 , 0.0 , 0.0 , 1.0 , 0.0 , 0.0 , 0.0 , 0.0 , 1.0 , 0.0 , 0.0 , 0.0 , 0.0 , 0.0 , 0.0 , 0.0 , 0.0 , 0.0 , 0.0 , 0.0 , 0.0 , 0.0 , 1.0 , 0.0 , 0.0 , 1.0 , 0.0 , 0.0 , 1.0 ,  
0.0 , 0.0 , 0.0 , 0.0 , 1.0 , 0.0 , 0.0 , 0.0 , 0.0 , 1.0 , 0.0 , 0.0 , 0.0 , 0.0 , 1.0 , 0.0 , 0.0 , 1.0 , 0.0 , 0.0 , 0.0 , 0.0 , 0.0 , 0.0 , 1.0 , 0.0 , 0.0 , 0.0 , 0.0 , 1.0 , 0.0 , 0.0 , 0.0 , 0.0 , 1.0 , 0.0 , 0.0 , 8.881784197001252e-16 , 0.0 , 0.9999999999999991 , 0.0 , 0.0 , 0.0 , 0.0 , 0.0 , 0.0 , 0.0 , 0.0 , 0.0 , 0.0 , 0.0 , 0.0 , 0.0 , 1.0 , 0.0 , 0.0 , 1.0 , 0.0 , 0.0 , 1.0 ,  
0.0 , 0.0 , 0.0 , 0.0 , 1.0 , 0.0 , 0.0 , 0.0 , 0.0 , 1.0 , 0.0 , 0.0 , 0.0 , 0.0 , 1.0 , 0.0 , 0.0 , 0.0 , 0.0 , 0.0 , 0.0 , 0.0 , 0.0 , 0.0 , 1.0 , 0.0 , 0.0 , 0.0 , 0.0 , 1.0 , 0.0 , 0.0 , 0.0 , 0.0 , 1.0 , 0.0 , 0.0 , 0.0 , 0.0 , 0.9999999999999991 , 0.0 , 0.0 , 0.0 , 0.0 , 0.0 , 0.0 , 0.0 , 0.0 , 0.0 , 0.0 , 0.0 , 0.0 , 0.0 , 1.0 , 0.0 , 0.0 , 1.0 , 0.0 , 0.0 , 1.0 ,  
0.0 , 0.0 , 0.0 , 0.0 , 1.0 , 0.0 , 0.0 , 0.0 , 0.0 , 1.0 , 0.0 , 0.0 , 0.0 , 0.0 , 1.0 , 0.0 , 0.0 , 0.0 , 0.0 , 0.0 , 0.0 , 0.0 , 0.0 , 0.0 , 1.0 , 0.0 , 0.0 , 0.0 , 0.0 , 1.0 , 0.0 , 0.0 , 0.0 , 0.0 , 1.0 , 0.0 , 0.0 , 0.0 , 0.0 , 0.9999999999999991 , 0.0 , 0.0 , 0.0 , 0.0 , 0.0 , 0.0 , 0.0 , 0.0 , 0.0 , 0.0 , 0.0 , 0.0 , 0.0 , 1.0 , 0.0 , 0.0 , 1.0 , 0.0 , 0.0 , 1.0 ,  
0.0 , 0.0 , 0.0 , 0.0 , 1.0 , 0.0 , 0.0 , 0.0 , 0.0 , 1.0 , 0.0 , 0.0 , 0.0 , 0.0 , 1.0 , 0.0 , 0.0 , 0.0 , 0.0 , -0.0 , 0.0 , 0.0 , 0.0 , 0.0 , 1.0 , 0.0 , 0.0 , -0.0 , 0.0 , 1.0 , 0.0 , 0.0 , -0.0 , 0.0 , 1.0 , 0.0 , 0.0 , -0.0 , 0.0 , 0.9999999999999991 , 0.0 , 0.0 , 0.0 , 0.0 , 0.0 , 0.0 , 0.0 , 0.0 , 0.0 , 0.0 , 0.0 , 0.0 , 0.0 , 1.0 , 0.0 , 0.0 , 1.0 , 0.0 , 0.0 , 1.0 ,  
0.0 , 0.0 , 0.0 , 0.0 , 1.0 , 0.0 , 0.0 , 0.0 , 0.0 , 1.0 , 0.0 , 0.0 , 0.0 , 0.0 , 1.0 , 0.0 , 0.0 , 0.0 , 0.0 , 0.0 , 0.0 , 0.0 , 0.0 , 0.0 , 1.0 , 0.0 , 0.0 , 0.0 , 0.0 , 1.0 , 0.0 , 0.0 , 0.0 , 0.0 , 1.0 , 0.0 , 0.0 , 0.0 , 0.0 , 0.9999999999999991 , 0.0 , 0.0 , 0.0 , 0.0 , 0.0 , 0.0 , 0.0 , 0.0 , 0.0 , 0.0 , 0.0 , 0.0 , 0.0 , 1.0 , 0.0 , 0.0 , 1.0 , 0.0 , 0.0 , 1.0 ,  
0.0 , 0.0 , 0.0 , 0.0 , 1.0 , 0.0 , 0.0 , 0.0 , 0.0 , 1.0 , 0.0 , 0.0 , 0.0 , 0.0 , 1.0 , 0.0 , 0.0 , 0.0 , 0.0 , 0.0 , 0.0 , 0.0 , 0.0 , 0.0 , 1.0 , 0.0 , 0.0 , 0.0 , 0.0 , 1.0 , 0.0 , 0.0 , 0.0 , 0.0 , 1.0 , 0.0 , 0.0 , 0.0 , 0.0 , 0.9999999999999991 , 0.0 , 0.0 , 0.0 , 0.0 , 0.0 , 0.0 , 0.0 , 0.0 , 0.0 , 0.0 , 0.0 , 0.0 , 0.0 , 1.0 , 0.0 , 0.0 , 1.0 , 0.0 , 0.0 , 1.0 ,  
0.0 , 0.0 , 0.0 , 0.0 , 1.0 , 0.0 , 0.0 , 0.0 , 0.0 , 1.0 , 0.0 , 0.0 , 0.0 , 0.0 , 1.0 , 0.0 , 0.0 , 0.0 , 0.0 , 0.0 , 0.0 , 0.0 , 0.0 , 0.0 , 1.0 , 0.0 , 0.0 , 0.0 , 0.0 , 1.0 , 0.0 , 0.0 , 0.0 , 0.0 , 1.0 , 0.0 , 0.0 , 0.0 , 0.0 , 0.9999999999999991 , 0.0 , 0.0 , 0.0 , 0.0 , 0.0 , 0.0 , 0.0 , 0.0 , 0.0 , 0.0 , 0.0 , 0.0 , 0.0 , 1.0 , 0.0 , 0.0 , 1.0 , 0.0 , 0.0 , 1.0 ,  
0.0 , 0.0 , 0.0 , 0.0 , 1.0 , 0.0 , 0.0 , 0.0 , 0.0 , 1.0 , 0.0 , 0.0 , 0.0 , 0.0 , 1.0 , 0.0 , 0.0 , 0.0 , 0.0 , 0.0 , 0.0 , 0.0 , 0.0 , 0.0 , 1.0 , 0.0 , 0.0 , 0.0 , 0.0 , 1.0 , 0.0 , 0.0 , 0.0 , 0.0 , 1.0 , 0.0 , 0.0 , 0.0 , 0.0 , 0.9999999999999991 , 0.0 , 0.0 , 0.0 , 0.0 , 0.0 , 0.0 , 0.0 , 0.0 , 0.0 , 0.0 , 0.0 , 0.0 , 0.0 , 1.0 , 0.0 , 0.0 , 1.0 , 0.0 , 0.0 , 1.0 ,  
0.0 , 0.0 , 0.0 , 0.0 , 1.0 , 0.0 , 0.0 , 0.0 , 0.0 , 1.0 , 0.0 , 0.0 , 0.0 , 0.0 , 1.0 , 0.0 , 0.0 , 0.0 , 0.0 , 0.0 , 0.0 , 0.0 , 0.0 , 0.0 , 1.0 , 0.0 , 0.0 , 0.0 , 0.0 , 1.0 , 0.0 , 0.0 , 0.0 , 0.0 , 1.0 , 0.0 , 0.0 , 0.0 , 0.0 , 0.9999999999999991 , 0.0 , 0.0 , 0.0 , 0.0 , 0.0 , 0.0 , 0.0 , 0.0 , 0.0 , 0.0 , 0.0 , 0.0 , 0.0 , 1.0 , 0.0 , 0.0 , 1.0 , 0.0 , 0.0 , 1.0 ,  
0.0 , 0.0 , 0.0 , 0.0 , 1.0 , 0.0 , 0.0 , 0.0 , 0.0 , 1.0 , 0.0 , 0.0 , 0.0 , 0.0 , 1.0 , 0.0 , 0.0 , 0.0 , 0.0 , 0.0 , 0.0 , 0.0 , 0.0 , 0.0 , 1.0 , 0.0 , 0.0 , 0.0 , 0.0 , 1.0 , 0.0 , 0.0 , 0.0 , 0.0 , 1.0 , 0.0 , 0.0 , 0.0 , 0.0 , 0.9999999999999991 , 0.0 , 0.0 , 0.0 , 0.0 , 0.0 , 0.0 , 0.0 , 0.0 , 0.0 , 0.0 , 0.0 , 0.0 , 0.0 , 1.0 , 0.0 , 0.0 , 1.0 , 0.0 , 0.0 , 1.0 ,  
0.0 , 0.0 , 0.0 , 0.0 , 1.0 , 0.0 , 0.0 , 0.0 , 0.0 , 1.0 , 0.0 , 0.0 , 0.0 , 0.0 , 1.0 , 0.0 , 0.0 , 0.0 , 0.0 , 0.0 , 0.0 , 0.0 , 0.0 , 0.0 , 1.0 , 0.0 , 0.0 , 0.0 , 0.0 , 1.0 , 0.0 , 0.0 , 0.0 , 0.0 , 1.0 , 0.0 , 0.0 , 0.0 , 0.0 , 0.9999999999999991 , 0.0 , 0.0 , 0.0 , 0.0 , 0.0 , 0.0 , 0.0 , 0.0 , 0.0 , 0.0 , 0.0 , 0.0 , 0.0 , 1.0 , 0.0 , 0.0 , 1.0 , 0.0 , 0.0 , 1.0 ,  
0.0 , 0.0 , 0.0 , 0.0 , 1.0 , 0.0 , 0.0 , 0.0 , 0.0 , 1.0 , 0.0 , 0.0 , 0.0 , 0.0 , 1.0 , 0.0 , 0.0 , 0.0 , 0.0 , 0.0 , 0.0 , 0.0 , 0.0 , 0.0 , 1.0 , 0.0 , 0.0 , 0.0 , 0.0 , 1.0 , 0.0 , 0.0 , 0.0 , 0.0 , 1.0 , 0.0 , 0.0 , 0.0 , 0.0 , 0.9999999999999991 , 0.0 , 0.0 , 0.0 , 0.0 , 0.0 , 0.0 , 0.0 , 0.0 , 0.0 , 0.0 , 0.0 , 0.0 , 0.0 , 1.0 , 0.0 , 0.0 , 1.0 , 0.0 , 0.0 , 1.0 ,  
0.0 , 0.0 , 0.0 , 0.0 , 1.0 , 0.0 , 0.0 , 0.0 , 0.0 , 1.0 , 0.0 , 0.0 , 0.0 , 0.0 , 1.0 , 0.0 , 0.0 , 0.0 , 0.0 , 0.0 , 0.0 , 0.0 , 0.0 , 0.0 , 1.0 , 0.0 , 0.0 , 0.0 , 0.0 , 1.0 , 0.0 , 0.0 , 0.0 , 0.0 , 1.0 , 0.0 , 0.0 , 0.0 , 0.0 , 0.9999999999999991 , 0.0 , 0.0 , 0.0 , 0.0 , 0.0 , 0.0 , 0.0 , 0.0 , 0.0 , 0.0 , 0.0 , 0.0 , 0.0 , 1.0 , 0.0 , 0.0 , 1.0 , 0.0 , 0.0 , 1.0 ,  
0.0 , 0.0 , 0.0 , 0.0 , 1.0 , 0.0 , 0.0 , 0.0 , 0.0 , 1.0 , 0.0 , 0.0 , 0.0 , 0.0 , 1.0 , 0.0 , 0.0 , 0.0 , 0.0 , 0.0 , 0.0 , 0.0 , 0.0 , 0.0 , 1.0 , 0.0 , 0.0 , 0.0 , 0.0 , 1.0 , 0.0 , 0.0 , 0.0 , 0.0 , 1.0 , 0.0 , 0.0 , 0.0 , 0.0 , 0.9999999999999991 , 0.0 , 0.0 , 0.0 , 0.0 , 0.0 , 0.0 , 0.0 , 0.0 , 0.0 , 0.0 , 0.0 , 0.0 , 0.0 , 1.0 , 0.0 , 0.0 , 1.0 , 0.0 , 0.0 , 1.0 ,  
0.0 , 0.0 , 0.0 , 0.0 , 1.0 , 0.0 , 0.0 , 0.0 , 0.0 , 1.0 , 0.0 , 0.0 , 0.0 , 0.0 , 1.0 , 0.0 , 0.0 , 0.0 , 0.0 , 0.0 , 0.0 , 0.0 , 0.0 , 0.0 , 1.0 , 0.0 , 0.0 , 0.0 , 0.0 , 1.0 , 0.0 , 0.0 , 0.9999999999999973 , 0.0 , 2.6645352591003757e-15 , 0.0 , 0.0 , 0.0 , 0.0 , 0.9999999999999991 , 0.0 , 0.0 , 0.0 , 0.0 , 0.0 , 0.0 , 0.0 , 0.0 , 0.0 , 0.0 , 0.0 , 0.0 , 0.0 , 1.0 , 0.0 , 0.0 , 1.0 , 0.0 , 0.0 , 1.0 ,  
0.0 , 0.0 , 0.0 , 0.0 , 1.0 , 0.0 , 0.0 , 0.0 , 0.0 , 1.0 , 0.0 , 0.0 , 0.0 , 0.0 , 1.0 , 0.0 , 0.0 , 0.0 , 0.0 , 0.0 , 0.0 , 0.0 , 0.0 , 0.0 , 1.0 , 0.0 , 0.0 , 0.0 , 0.0 , 1.0 , 0.0 , 0.0 , 0.0 , 0.0 , 2.6645352591003757e-15 , 0.0 , 0.0 , 0.0 , 0.0 , 0.9999999999999981 , 0.0 , 0.0 , 0.0 , 0.0 , 0.0 , 0.0 , 0.0 , 0.0 , 0.0 , 0.0 , 0.0 , 0.0 , 0.0 , 1.0 , 0.0 , 0.0 , 1.0 , 0.0 , 0.0 , 1.0 ,  
0.0 , 0.0 , 0.0 , 0.0 , 1.0 , 0.0 , 0.0 , 0.0 , 0.0 , 1.0 , 0.0 , 0.0 , 0.0 , 0.0 , 1.0 , 0.0 , 0.0 , 0.0 , 0.0 , 0.0 , 0.0 , 0.0 , 0.0 , 0.0 , 1.0 , 0.0 , 0.0 , -0.0 , 0.0 , 1.0 , 0.0 , 0.0 , 2.6645352591003757e-15 , 0.0 , 0.0 , 0.0 , 0.0 , 0.0 , 0.0 , 0.9999999999999981 , 0.0 , 0.0 , 0.0 , 0.0 , 0.0 , 0.0 , 0.0 , 0.0 , 0.0 , 0.0 , 0.0 , 0.0 , 0.0 , 1.0 , 0.0 , 0.0 , 1.0 , 0.0 , 0.0 , 1.0 ,  
0.0 , 0.0 , 0.0 , 0.0 , 1.0 , 0.0 , 0.0 , 0.0 , 0.0 , 1.0 , 0.0 , 0.0 , 0.0 , 0.0 , 1.0 , 0.0 , 0.0 , 0.0 , 0.0 , 0.0 , 0.0 , 0.0 , 0.0 , 0.0 , 1.0 , 0.0 , 0.0 , 0.0 , 0.0 , 1.0 , 0.0 , 0.0 , 0.0 , 0.0 , 0.0 , 0.0 , 0.0 , 0.0 , 0.0 , 0.9999999999999981 , 0.0 , 0.0 , 0.0 , 0.0 , 0.0 , 0.0 , 0.0 , 0.0 , 0.0 , 0.0 , 0.0 , 0.0 , 0.0 , 1.0 , 0.0 , 0.0 , 1.0 , 0.0 , 0.0 , 1.0 ,  
0.0 , 0.0 , 0.0 , 0.0 , 1.0 , 0.0 , 0.0 , 0.0 , 0.0 , 1.0 , 0.0 , 0.0 , 0.0 , 0.0 , 1.0 , 0.0 , 0.0 , 0.0 , 0.0 , 0.0 , 0.0 , 0.0 , 0.0 , 0.0 , 1.0 , 0.0 , 0.0 , 0.0 , 0.0 , 1.0 , 0.0 , 0.0 , 0.0 , 0.0 , 0.0 , 0.0 , 0.0 , 0.0 , 0.0 , 0.9999999999999981 , 0.0 , 0.0 , 0.0 , 0.0 , 0.0 , 0.0 , 0.0 , 0.0 , 0.0 , 0.0 , 0.0 , 0.0 , 0.0 , 1.0 , 0.0 , 0.0 , 1.0 , 0.0 , 0.0 , 1.0 ,  
0.0 , 0.0 , 0.0 , 0.0 , 1.0 , 0.0 , 0.0 , 0.0 , 0.0 , 1.0 , 0.0 , 0.0 , 0.0 , 0.0 , 1.0 , 0.0 , 0.0 , 0.0 , 0.0 , 0.0 , 0.0 , 0.0 , 0.0 , 0.0 , 1.0 , 0.0 , 0.0 , 0.0 , 0.0 , 1.0 , 0.0 , 0.0 , 0.0 , 0.0 , 0.0 , 0.0 , 0.0 , 0.0 , 0.0 , 0.9999999999999981 , 0.0 , 0.0 , 0.0 , 0.0 , 0.0 , 0.0 , 0.0 , 0.0 , 0.0 , 0.0 , 0.0 , 0.0 , 0.0 , 1.0 , 0.0 , 0.0 , 1.0 , 0.0 , 0.0 , 1.0 ,  
0.0 , 0.0 , 0.0 , 0.0 , 1.0 , 0.0 , 0.0 , 0.0 , 0.0 , 1.0 , 0.0 , 0.0 , 0.0 , 0.0 , 1.0 , 0.0 , 0.0 , 0.0 , 0.0 , 0.0 , 0.0 , 0.0 , 0.0 , 0.0 , 1.0 , 0.0 , 0.0 , 0.0 , 0.0 , 1.0 , 0.0 , 0.0 , 0.0 , 0.0 , 0.0 , 0.0 , 0.0 , 0.0 , 0.0 , 0.9999999999999981 , 0.0 , 0.0 , 0.0 , 0.0 , 0.0 , 0.0 , 0.0 , 0.0 , 0.0 , 0.0 , 0.0 , 0.0 , 0.0 , 1.0 , 0.0 , 0.0 , 1.0 , 0.0 , 0.0 , 1.0 ,  
0.0 , 0.0 , 0.0 , 0.0 , 1.0 , 0.0 , 0.0 , 0.0 , 0.0 , 1.0 , 0.0 , 0.0 , 0.0 , 0.0 , 1.0 , 0.0 , 0.0 , 0.0 , 0.0 , 0.0 , 0.0 , 0.0 , 0.0 , 0.0 , 1.0 , 0.0 , 0.0 , 0.0 , 0.0 , 1.0 , 0.0 , 0.0 , 0.0 , 0.0 , 0.0 , 0.0 , 0.0 , 0.0 , 0.0 , 0.9999999999999981 , 0.0 , 0.0 , 0.0 , 0.0 , 0.0 , 0.0 , 0.0 , 0.0 , 0.0 , 0.0 , 0.0 , 0.0 , 0.0 , 1.0 , 0.0 , 0.0 , 1.0 , 0.0 , 0.0 , 1.0 ,  
0.0 , 0.0 , 0.0 , 0.0 , 1.0 , 0.0 , 0.0 , 0.0 , 0.0 , 1.0 , 0.0 , 0.0 , 0.0 , 0.0 , 1.0 , 0.0 , 0.0 , 0.0 , 0.0 , 0.0 , 0.0 , 0.0 , 0.0 , 0.0 , 1.0 , 0.0 , 0.0 , 0.0 , 0.0 , 1.0 , 0.0 , 0.0 , 0.0 , 0.0 , 0.0 , 0.0 , 0.0 , 0.0 , 0.0 , 0.9999999999999981 , 0.0 , 0.0 , 0.0 , 0.0 , 0.0 , 0.0 , 0.0 , 0.0 , 0.0 , 0.0 , 0.0 , 0.0 , 0.0 , 1.0 , 0.0 , 0.0 , 1.0 , 0.0 , 0.0 , 1.0 ,  
0.0 , 0.0 , 0.0 , 0.0 , 1.0 , 0.0 , 0.0 , 0.0 , 0.0 , 1.0 , 0.0 , 0.0 , 0.0 , 0.0 , 1.0 , 0.0 , 0.0 , 0.0 , 0.0 , 0.0 , 0.0 , 0.0 , 1.3469861370240064e-15 , 0.0 , 0.9999999999999987 , 0.0 , 0.0 , 0.0 , 0.0 , 1.0 , 0.0 , 0.0 , 0.0 , 0.0 , 0.0 , 0.0 , 0.0 , 0.0 , 0.0 , 0.9999999999999981 , 0.0 , 0.0 , 0.0 , 0.0 , 0.0 , 0.0 , 0.0 , 0.0 , 0.0 , 0.0 , 0.0 , 0.0 , 0.0 , 1.0 , 0.0 , 0.0 , 1.0 , 0.0 , 0.0 , 1.0 ,  
0.0 , 0.0 , 0.0 , 0.0 , 1.0 , 0.0 , 0.0 , 0.0 , 0.0 , 1.0 , 0.0 , 0.0 , 0.0 , 0.0 , 1.0 , 0.0 , 0.0 , 0.0 , 0.0 , 0.0 , 0.0 , 0.0 , 0.0 , 0.0 , 0.9999999999999987 , 0.0 , 0.0 , -0.0 , 0.0 , 1.0 , 0.0 , 0.0 , -0.0 , 0.0 , 0.0 , 0.0 , 0.0 , 0.0 , 0.0 , 0.9999999999999981 , 0.0 , 0.0 , 0.0 , 0.0 , 0.0 , 0.0 , 0.0 , 0.0 , 0.0 , 0.0 , 0.0 , 0.0 , 0.0 , 1.0 , 0.0 , 0.0 , 1.0 , 0.0 , 0.0 , 1.0 ,  
0.0 , 0.0 , 0.0 , 0.0 , 1.0 , 0.0 , 0.0 , 0.0 , 0.0 , 1.0 , 0.0 , 0.0 , 0.0 , 0.0 , 1.0 , 0.0 , 0.0 , 0.0 , 0.0 , 0.0 , 0.0 , 0.0 , -3.2058755696589967e-15 , 0.0 , 1.0 , 0.0 , 0.0 , 0.0 , 0.0 , 1.0 , 0.0 , 0.0 , 0.0 , 0.0 , 0.0 , 0.0 , 0.0 , 0.0 , 0.0 , 0.9999999999999981 , 0.0 , 0.0 , 0.0 , 0.0 , 0.0 , 0.0 , 0.0 , 0.0 , 0.0 , 0.0 , 0.0 , 0.0 , 0.0 , 1.0 , 0.0 , 0.0 , 1.0 , 0.0 , 0.0 , 1.0 ,  
0.0 , 0.0 , 0.0 , 0.0 , 1.0 , 0.0 , 0.0 , 0.0 , 0.0 , 1.0 , 0.0 , 0.0 , 0.0 , 0.0 , 1.0 , 0.0 , 0.0 , 0.0 , 0.0 , 0.0 , 0.0 , 0.0 , 1.0 , 0.0 , 0.0 , 0.0 , 0.0 , 0.0 , 0.0 , 1.0 , 0.0 , 0.0 , 0.0 , 0.0 , 0.0 , 0.0 , 0.0 , 0.0 , 0.0 , 0.9999999999999981 , 0.0 , 0.0 , 0.0 , 0.0 , 0.0 , 0.0 , 0.0 , 0.0 , 0.0 , 0.0 , 0.0 , 0.0 , 0.0 , 1.0 , 0.0 , 0.0 , 1.0 , 0.0 , 0.0 , 1.0 ,  
0.0 , 0.0 , 0.0 , 0.0 , 1.0 , 0.0 , 0.0 , 0.0 , 0.0 , 1.0 , 0.0 , 0.0 , 0.0 , 0.0 , 1.0 , 0.0 , 0.0 , 0.0 , 0.0 , 0.0 , 0.0 , 0.0 , 0.0 , 0.0 , 0.0 , 0.0 , 0.0 , 0.0 , 0.0 , 1.0 , 0.0 , 0.0 , 0.0 , 0.0 , 0.0 , 0.0 , 0.0 , 0.0 , 0.0 , 0.9999999999999981 , 0.0 , 0.0 , 0.0 , 0.0 , 0.0 , 0.0 , 0.0 , 0.0 , 0.0 , 0.0 , 0.0 , 0.0 , 0.0 , 1.0 , 0.0 , 0.0 , 1.0 , 0.0 , 0.0 , 1.0 ,  
0.0 , 0.0 , 0.0 , 0.0 , 1.0 , 0.0 , 0.0 , 0.0 , 0.0 , 1.0 , 0.0 , 0.0 , 0.0 , 0.0 , 1.0 , 0.0 , 0.0 , 0.0 , 0.0 , 0.0 , 0.0 , 0.0 , 0.0 , 0.0 , 0.0 , 0.0 , 0.0 , 0.0 , 0.0 , 1.0 , 0.0 , 0.0 , 0.0 , 0.0 , 0.0 , 0.0 , 0.0 , 0.0 , 0.0 , 0.9999999999999981 , 0.0 , 0.0 , 0.0 , 0.0 , 0.0 , 0.0 , 0.0 , 0.0 , 0.0 , 0.0 , 0.0 , 0.0 , 0.0 , 1.0 , 0.0 , 0.0 , 1.0 , 0.0 , 0.0 , 1.0 ,  
0.0 , 0.0 , 0.0 , 0.0 , 1.0 , 0.0 , 0.0 , 0.0 , 0.0 , 1.0 , 0.0 , 0.0 , 0.0 , 0.0 , 1.0 , 0.0 , 0.0 , 0.0 , 0.0 , 0.0 , 0.0 , 0.0 , 0.0 , 0.0 , 0.0 , 0.0 , 0.0 , 0.0 , 0.0 , 1.0 , 0.0 , 0.0 , 0.0 , 0.0 , 0.0 , 0.0 , 0.0 , 0.0 , 0.0 , 0.9999999999999981 , 0.0 , 0.0 , 0.0 , 0.0 , 0.0 , 0.0 , 0.0 , 0.0 , 0.0 , 0.0 , 0.0 , 0.0 , 0.0 , 1.0 , 0.0 , 0.0 , 1.0 , 0.0 , 0.0 , 1.0 ,  
0.0 , 0.0 , 0.0 , 0.0 , 1.0 , 0.0 , 0.0 , 0.0 , 0.0 , 1.0 , 0.0 , 0.0 , 0.0 , 0.0 , 1.0 , 0.0 , 0.0 , 0.0 , 0.0 , 0.0 , 0.0 , 0.0 , 0.0 , 0.0 , 0.0 , 0.0 , 0.0 , 0.0 , 0.0 , 1.0 , 0.0 , 0.0 , 0.0 , 0.0 , 0.0 , 0.0 , 0.0 , 0.0 , 0.0 , 0.9999999999999981 , 0.0 , 0.0 , 0.0 , 0.0 , 0.0 , 0.0 , 0.0 , 0.0 , 0.0 , 0.0 , 0.0 , 0.0 , 0.0 , 1.0 , 0.0 , 0.0 , 1.0 , 0.0 , 0.0 , 1.0 ,  
0.0 , 0.0 , 0.0 , 0.0 , 1.0 , 0.0 , 0.0 , 0.0 , 0.0 , 1.0 , 0.0 , 0.0 , 0.0 , 0.0 , 1.0 , 0.0 , 0.0 , 0.0 , 0.0 , 0.0 , 0.0 , 0.0 , 0.0 , 0.0 , 0.0 , 0.0 , 0.0 , 0.0 , 0.0 , 1.0 , 0.0 , 0.0 , 0.0 , 0.0 , 0.0 , 0.0 , 0.0 , 0.0 , 0.0 , 0.9999999999999981 , 0.0 , 0.0 , 0.0 , 0.0 , 0.0 , 0.0 , 0.0 , 0.0 , 0.0 , 0.0 , 0.0 , 0.0 , 0.0 , 1.0 , 0.0 , 0.0 , 1.0 , 0.0 , 0.0 , 1.0 ,  
0.0 , 0.0 , 0.0 , 0.0 , 1.0 , 0.0 , 0.0 , 0.0 , 0.0 , 1.0 , 0.0 , 0.0 , 0.0 , 0.0 , 1.0 , 0.0 , 0.0 , 0.0 , 0.0 , 0.0 , 0.0 , 0.0 , 0.0 , 0.0 , 0.0 , 0.0 , 0.0 , 0.0 , 0.0 , 1.0 , 0.0 , 0.0 , 0.0 , 0.0 , 0.0 , 0.0 , 0.0 , 0.0 , 0.0 , 0.9999999999999981 , 0.0 , 0.0 , 0.0 , 0.0 , 0.0 , 0.0 , 0.0 , 0.0 , 0.0 , 0.0 , 0.0 , 0.0 , 0.0 , 1.0 , 0.0 , 0.0 , 1.0 , 0.0 , 0.0 , 1.0 ,  
0.0 , 0.0 , 0.0 , 0.0 , 1.0 , 0.0 , 0.0 , 0.0 , 0.0 , 1.0 , 0.0 , 0.0 , 0.0 , 0.0 , 1.0 , 0.0 , 0.0 , 0.0 , 0.0 , 0.0 , 0.0 , 0.0 , 0.0 , 0.0 , 0.0 , 0.0 , 0.0 , 0.0 , 0.0 , 1.0 , 0.0 , 0.0 , 0.0 , 0.0 , 0.0 , 0.0 , 0.0 , 0.0 , 0.0 , 0.9999999999999981 , 0.0 , 0.0 , 0.0 , 0.0 , 0.0 , 0.0 , 0.0 , 0.0 , 0.0 , 0.0 , 0.0 , 0.0 , 0.0 , 1.0 , 0.0 , 0.0 , 1.0 , 0.0 , 0.0 , 1.0 ,  
0.0 , 0.0 , 0.0 , 0.0 , 1.0 , 0.0 , 0.0 , 0.0 , 0.0 , 1.0 , 0.0 , 0.0 , 0.0 , 0.0 , 1.0 , 0.0 , 0.0 , 0.0 , 0.0 , 0.0 , 0.0 , 0.0 , 0.0 , 0.0 , 0.0 , 0.0 , 0.0 , 0.0 , 0.0 , 1.0 , 0.0 , 0.0 , 0.0 , 0.0 , 0.0 , 0.0 , 0.0 , 0.0 , 0.0 , 0.9999999999999981 , 0.0 , 0.0 , 0.0 , 0.0 , 0.0 , 0.0 , 0.0 , 0.0 , 0.0 , 0.0 , 0.0 , 0.0 , 0.0 , 1.0 , 0.0 , 0.0 , 1.0 , 0.0 , 0.0 , 1.0 ,  
0.0 , 0.0 , 0.0 , 0.0 , 1.0 , 0.0 , 0.0 , 0.0 , 0.0 , 1.0 , 0.0 , 0.0 , 0.0 , 0.0 , 1.0 , 0.0 , 0.0 , 0.0 , 0.0 , 0.0 , 0.0 , 0.0 , 0.0 , 0.0 , 0.0 , 0.0 , 0.0 , 0.0 , 0.0 , 1.0 , 0.0 , 0.0 , 0.0 , 0.0 , 0.0 , 0.0 , 0.0 , 0.0 , 0.0 , 0.9999999999999981 , 0.0 , 0.0 , 0.0 , 0.0 , 0.0 , 0.0 , 0.0 , 0.0 , 0.0 , 0.0 , 0.0 , 0.0 , 0.0 , 1.0 , 0.0 , 0.0 , 1.0 , 0.0 , 0.0 , 1.0 ,  
0.0 , 0.0 , 0.0 , 0.0 , 1.0 , 0.0 , 0.0 , 0.0 , 0.0 , 1.0 , 0.0 , 0.0 , 0.0 , 0.0 , 1.0 , 0.0 , 0.0 , 0.0 , 0.0 , 0.0 , 0.0 , 0.0 , 0.0 , 0.0 , 0.0 , 0.0 , 0.0 , 0.0 , 0.0 , 1.0 , 0.0 , 0.0 , 0.0 , 0.0 , 0.0 , 0.0 , 0.0 , 0.0 , 0.0 , 0.9999999999999981 , 0.0 , 0.0 , 0.0 , 0.0 , 0.0 , 0.0 , 0.0 , 0.0 , 0.0 , 0.0 , 0.0 , 0.0 , 0.0 , 1.0 , 0.0 , 0.0 , 1.0 , 0.0 , 0.0 , 1.0 ,  
0.0 , 0.0 , 0.0 , 0.0 , 1.0 , 0.0 , 0.0 , 0.0 , 0.0 , 1.0 , 0.0 , 0.0 , 0.0 , 0.0 , 1.0 , 0.0 , 0.0 , 0.0 , 0.0 , 0.0 , 0.0 , 0.0 , 0.0 , 0.0 , 0.0 , 0.0 , 0.0 , 0.0 , 0.0 , 1.0 , 0.0 , 0.0 , 0.0 , 0.0 , 0.0 , 0.0 , 0.0 , 0.0 , 0.0 , 0.9999999999999981 , 0.0 , 0.0 , 0.0 , 0.0 , 0.0 , 0.0 , 0.0 , 0.0 , 0.0 , 0.0 , 0.0 , 0.0 , 0.0 , 1.0 , 0.0 , 0.0 , 1.0 , 0.0 , 0.0 , 1.0 ,  
